weather code	weather type
04	Haze, smoke or dust
05	Smoke
07	Dust or sand raised by wind
10	Mist
18	Squalls
30	Fog
31	Fog or ice fog in patches
32	Fog or ice fog, has become thinner during the past hour
33	Fog or ice fog, no appreciable change during the past hour
34	Fog or ice fog, has begun or become thicker during the past hour
35	Fog, depositing rime
50	Drizzle
51	Drizzle, not freezing, slight
52	Drizzle, not freezing, moderate
53	Drizzle, not freezing, heavy
54	Drizzle, freezing, slight
55	Drizzle, freezing, moderate
56	Drizzle, freezing, heavy
57	Drizzle and rain, slight
58	Drizzle and rain, moderate or heavy
60	Rain
61	Rain not freezing, slight
62	Rain not freezing, moderate
63	Rain, not freezing, heavy
64	Rain, freezing, slight
65	Rain, freezing, moderate
66	Rain, freezing, heavy
67	Rain or drizzle and snow, slight
68	Rain or drizzle and snow, moderate or heavy
70	Snow
71	Snow, slight
72	Snow, moderate
73	Snow, heavy
74	Ice pellets, slight
75	Ice pellets, moderate
76	Ice pellets, heavy
77	Snow grains
78	Ice crystals
81	Rain showers or intermittent rain, slight
82	Rain showers or intermittent rain, moderate
83	Rain showers or intermittent rain, heavy
84	Rain showers or intermittent rain, violent
85	Snow showers or intermittent snow, slight
86	Snow showers or intermittent snow, moderate
87	Snow showers or intermittent snow, heavy
89	Hail
90	Thunderstorm
91	Thunderstorm, slight or moderate, with no precipitation
92	Thunderstorm, slight or moderate, with rain showers and/or snow showers
93	Thunderstorm, slight or moderate, with hail
94	Thunderstorm, heavy, with no precipitation
95	Thunderstorm, heavy, with rain showers and/or snow
96	Thunderstorm, heavy, with hail
99	Tornado
