old_tail_num,new_tail_num
N633US,N633AW
N626US,N626AW
N620US,N620AW
N621US,N621AW
N625US,N625AW
N622US,N622AW
N624US,N624AW
N631US,N631AW
N637US,N637AW
N640US,N640AW
N644US,N644AW
N642US,N642AW
N648US,N648AW
N113US,N113UW
N602US,N602AW
N672US,N672AW
N677US,N677AW
N675US,N675AW
N676US,N676AW
N678US,N678AW
N2401TW,N401TW
N2402TW,N402TW
N2403TW,N403TW
N2404TW,N2404A
N2405TW,N405TW
N2406TW,N406TW
N2407TW,N407TW
N2408TW,N408TW
N2409TW,N409TW
N2410TW,N2410W
N2411TW,N411TW
N2412TW,N412TW
N2413TW,N413TW
N2414TW,N2414E
N2415TW,N415TW
N2416TW,N416TW
N2417TW,N2417F
N2418TW,N418TW
N2419TW,N2419C
N2420TW,N420TW
N2421TW,N2421A
N2422TW,N422TW
N2423TW,N423TW
N2424TW,N424TW
N2425TW,N2425A
N2426TW,N426TW
N2427TW,N2427A
N2428TW,N428TW
N2429TW,N429TW
N2430TW,N430TW
N406US,N406US
N409US,N409US
N427US,N427US
N433US,N433US
N434US,N434US
N435US,N435US
N439US,N439US
N440US,N440US
N444US,N444US
N449US,N449US
N452US,N452UW
N902US,N902AW
N901US,N901AW
N904US,N904AW
N905US,N905AW
N906US,N906AW
N908US,N908AW
N909US,N909AW
N613AA,N613AA
N617AA,N617AM
N910US,N910AW
N619AA,N619AA
N630AA,N630AA
N618AA,N618AA
N621AA,N621AM
N624AA,N624AA
N625AA,N625AA
N628AA,N628AA
N631AA,N631AA
N622AA,N622AA
N623AA,N623AA
N633AA,N633AA
N634AA,N634AA
N635AA,N635AA
N5BTAA,N647AM
N639AA,N639AA
N640AA,N640A
N642AA,N642AA
N5BRAA,N645AA
N5CDAA,N656AA
N5CEAA,N657AM
N5BSAA,N646AA
N5BVAA,N649AA
N5CAAA,N653A
N5BYAA,N652AA
N5CBAA,N654A
N5CCAA,N655AA
N5CFAA,N658AA
N5CLAA,N663AM
N5CRAA,N7667A
N5CKAA,N662AA
N5CHAA,N660AM
N5CNAA,N665AA
N5CPAA,N666A
N5CGAA,N659AA
N5CSAA,N668AA
N5DAAA,N683A
N5DDAA,N686AA
N5DEAA,N687AA
N5DHAA,N690AA
N5DGAA,N689AA
N5DFAA,N688AA
N5DMAA,N694AN
N5DNAA,N695AN
N5DLAA,N693AA
N5DSAA,N698AN
N5DUAA,N601AN
N942US,N942UW
N5DWAA,N603AA
N935US,N935UW
N5DYAA,N605AA
N936US,N936UW
N937US,N937UW
N5DTAA,N699AN
N5DVAA,N602AN
N5DXAA,N604AA
N5EBAA,N607AM
N5ECAA,N608AA
N5EDAA,N609AA
N940US,N940UW
N5EAAA,N606AA
N5EEAA,N673AN
N5EFAA,N674AN
N941US,N941UW
N5EGAA,N675AN
N5EHAA,N676AN
N5EJAA,N677AN
N5ELAA,N679AN
N5EKAA,N678AN
N5EMAA,N680AN
N5ENAA,N181AN
N5EPAA,N182AN
N5FNAA,N174AA
N5FPAA,N179AA
N5FRAA,N178AA
N319AA,N319AA
N323AA,N323AA
N324AA,N324AA
N327AA,N327AA
N328AA,N328AA
N332AA,N332AA
N245US,N245AY
N246US,N246AY
N336AA,N336AA
N335AA,N335AA
N338AA,N338AA
N249US,N249AU
N248US,N248AY
N250US,N250AY
N339AA,N339AA
N251US,N251AY
N252US,N252AU
N253US,N253AY
N255US,N255AY
N256US,N256AY
N351AA,N351AA
N353AA,N353AA
N354AA,N354AA
N355AA,N355AA
N358AA,N358AA
N356AA,N39356
N357AA,N357AA
N360AA,N360AA
N359AA,N359AA
N361AA,N361AA
N362AA,N362AA
N363AA,N363AA
N364AA,N39364
N352AA,N352AA
N365AA,N39365
N368AA,N368AA
N366AA,N366AA
N367AA,N39367
N369AA,N369AA
N372AA,N372AA
N371AA,N371AA
N374AA,N374AA
N370AA,N370AA
N373AA,N373AA
N375AA,N7375A
N377AA,N377AN
N376AA,N376AN
N378AA,N378AN
N380AA,N380AN
N382AA,N382AN
N383AA,N383AN
N386AA,N386AA
N387AA,N387AM
N345AA,N345AN
N403AA,N403A
N434AA,N434AA
N436AA,N436AA
N437AA,N437AA
N438AA,N438AA
N439AA,N439AA
N568AA,N568AA
N569AA,N569AA
N570AA,N570AA
N571AA,N571AA
N4UBAA,N954U
N4UCAA,N955U
N564AA,N564AA
N565AA,N565AA
N566AA,N566AA
N454AA,N454AA
N455AA,N455AA
N456AA,N456AA
N466AA,N466AA
N467AA,N467AA
N468AA,N468AA
N469AA,N469AA
N470AA,N470AA
N471AA,N471AA
N472AA,N472AA
N473AA,N473AA
N474AA,N474
N475AA,N475AA
N476AA,N476AA
N477AA,N477AA
N478AA,N478AA
N479AA,N479AA
N480AA,N480AA
N481AA,N481AA
N482AA,N482AA
N483AA,N483A
N484AA,N484AA
N485AA,N485AA
N486AA,N486AA
N487AA,N487AA
N488AA,N488AA
N489AA,N489AA
N490AA,N490AA
N491AA,N491AA
N492AA,N492AA
N493AA,N493AA
N494AA,N494AA
N496AA,N496AA
N499AA,N499AA
N502AA,N33502
N503AA,N44503
N504AA,N70504
N505AA,N505AA
N508AA,N7508
N513AA,N513AA
N514AA,N7514A
N519AA,N7519A
N520AA,N7520A
N526AA,N7526A
N527AA,N7527A
N530AA,N7530
N537AA,N7537A
N539AA,N7539A
N540AA,N7540A
N542AA,N7542A
N543AA,N7543A
N544AA,N7544A
N545AA,N16545
N546AA,N7546A
N549AA,N7549A
N551AA,N14551
N552AA,N552AA
N553AA,N553AA
N554AA,N554AA
N556AA,N556AA
N557AA,N557AN
N558AA,N558AA
N559AA,N559AA
N560AA,N560AA
N561AA,N561AA
N573AA,N573AA
N574AA,N574AA
N575AA,N575AM
N576AA,N576AA
N578AA,N578AA
N581AA,N581AA
N582AA,N582AA
N583AA,N583AA
N584AA,N584AA
N585AA,N585AA
N586AA,N586AA
N587AA,N587AA
N591AA,N591AA
N592AA,N592AA
N593AA,N593AA
N200AA,N76200
N201AA,N76201
N202AA,N76202
N567AA,N567AM
N594AA,N594AA
N595AA,N595AA
N596AA,N596AA
N597AA,N597AA
N598AA,N598AA
N599AA,N599AA
N4WAAA,N931TW
N4WJAA,N9401W
N4WKAA,N9402W
N4WLAA,N9403W
N4WMAA,N9404V
N4WPAA,N9406W
N4WRAA,N9407R
N4WSAA,N948TW
N4WTAA,N9409F
N4WVAA,N9412W
N4XNAA,N9627R
N4YGAA,N973TW
N4YHAA,N974TW
N4YMAA,N978TW
N4YJAA,N975TW
