tail_num,mfr_name,model,year,eng_mfr_name,eng_model,aircraft_type
N526JB,AIRBUS INDUSTRIE,A320-232,2001.0,IAE,V2527-A5,Fixed Wing Multi-Engine
N527JB,AIRBUS INDUSTRIE,A320-232,2001.0,IAE,V2527-A5,Fixed Wing Multi-Engine
N507JB,AIRBUS INDUSTRIE,A320-232,2000.0,IAE,V2527-A5,Fixed Wing Multi-Engine
N943JB,AIRBUS,A321-231,2014.0,IAE,V2533-A5,Fixed Wing Multi-Engine
N531JB,AIRBUS INDUSTRIE,A320-232,2001.0,IAE,V2527-A5,Fixed Wing Multi-Engine
N760AS,BOEING,737-4Q8,1992.0,CFM INTL.,CFM56 SERIES,Fixed Wing Multi-Engine
N769AS,BOEING,737-4Q8,1993.0,CFM INTL.,CFM56 SERIES,Fixed Wing Multi-Engine
N767AS,BOEING,737-490,1992.0,CFM INTL.,CFM56 SERIES,Fixed Wing Multi-Engine
N855AS,BOMBARDIER INC,CL-600-2B19,2000.0,GE,CF34 SERIES,Fixed Wing Multi-Engine
N128UA,,,,,,
N608SW,,,,,,
N617SW,BOEING,737-3H4,1995.0,CFM INTL,CFM56-3B-1,Fixed Wing Multi-Engine
N606SW,BOEING,737-3H4,1995.0,CFM INTL.,CFM56 SERIES,Fixed Wing Multi-Engine
N4YBAA,MCDONNELL DOUGLAS,DC-9-83(MD-83),1999.0,P & W,JT8D SERIES,Fixed Wing Multi-Engine
N541AA,MCDONNELL DOUGLAS,DC-9-82(MD-82),1990.0,P & W,JT8D SERIES,Fixed Wing Multi-Engine
N4YPAA,MCDONNELL DOUGLAS,DC-9-83(MD-83),1999.0,P & W,JT8D SERIES,Fixed Wing Multi-Engine
N4XBAA,MCDONNELL DOUGLAS,DC-9-83(MD-83),1997.0,P & W,JT8D SERIES,Fixed Wing Multi-Engine
N4XPAA,MCDONNELL DOUGLAS,DC-9-83(MD-83),1998.0,P & W,JT8D SERIES,Fixed Wing Multi-Engine
N4UCAA,MCDONNELL DOUGLAS,DC-9-82(MD-82),1987.0,P & W,JT8D SERIES,Fixed Wing Multi-Engine
N4XVAA,MCDONNELL DOUGLAS,DC-9-83(MD-83),1999.0,P & W,JT8D SERIES,Fixed Wing Multi-Engine
N4XGAA,MCDONNELL DOUGLAS,DC-9-83(MD-83),1997.0,P & W,JT8D SERIES,Fixed Wing Multi-Engine
N4YEAA,MCDONNELL DOUGLAS,DC-9-83(MD-83),1999.0,P & W,JT8D SERIES,Fixed Wing Multi-Engine
N4WJAA,MCDONNELL DOUGLAS,DC-9-83(MD-83),1992.0,P & W,JT8D SERIES,Fixed Wing Multi-Engine
N4YLAA,MCDONNELL DOUGLAS,DC-9-83(MD-83),1999.0,P & W,JT8D SERIES,Fixed Wing Multi-Engine
N4XWAA,MCDONNELL DOUGLAS,DC-9-83(MD-83),1999.0,P & W,JT8D SERIES,Fixed Wing Multi-Engine
N3HMAA,BOEING,737-823,2011.0,CFM INTL,CFM56-7B24E,Fixed Wing Multi-Engine
N3BDAA,BOEING,737-823,2000.0,CFM INTL.,CFM56 SERIES,Fixed Wing Multi-Engine
N3KJAA,BOEING,737-823,2013.0,CFM INTL,CFM56-7B24E,Fixed Wing Multi-Engine
N3FWAA,BOEING,737-823,2010.0,CFM INTL,CFM56-7B24/3,Fixed Wing Multi-Engine
N3ESAA,BOEING,737-823,2009.0,CFM INTL,CFM56-7B24/3,Fixed Wing Multi-Engine
N3JDAA,BOEING,737-823,2012.0,CFM INTL,CFM56-7B24E,Fixed Wing Multi-Engine
N3JXAA,BOEING,737-823,2013.0,CFM INTL,CFM56-7B24E,Fixed Wing Multi-Engine
N3JYAA,BOEING,737-823,2013.0,CFM INTL,CFM56-7B24E,Fixed Wing Multi-Engine
N3GPAA,BOEING,737-823,2010.0,CFM INTL,CFM56-7B24/3,Fixed Wing Multi-Engine
N3HXAA,BOEING,737-823,2012.0,CFM INTL,CFM56-7B24E,Fixed Wing Multi-Engine
N3DWAA,BOEING,737-823,2009.0,CFM INTL,CFM56-7B24/3,Fixed Wing Multi-Engine
N3MLAA,BOEING,737-823,2015.0,CFM INTL,CFM56-7B24E,Fixed Wing Multi-Engine
N3HAAA,BOEING,737-823,2011.0,CFM INTL,CFM56-7B24/3,Fixed Wing Multi-Engine
N3FTAA,BOEING,737-823,2010.0,CFM INTL,CFM56-7B24/3,Fixed Wing Multi-Engine
N3KAAA,BOEING,737-823,2013.0,CFM INTL,CFM56-7B24E,Fixed Wing Multi-Engine
N3CXAA,BOEING,737-823,2001.0,CFM INTL.,CFM56 SERIES,Fixed Wing Multi-Engine
N3GMAA,BOEING,737-823,2010.0,CFM INTL,CFM56-7B24/3,Fixed Wing Multi-Engine
N3LEAA,BOEING,737-823,2012.0,CFM INTL,CFM56-7B24E,Fixed Wing Multi-Engine
N3HSAA,BOEING,737-823,2012.0,CFM INTL,CFM56-7B24,Fixed Wing Multi-Engine
N3JNAA,BOEING,737-823,2012.0,CFM INTL,CFM56-7B24E,Fixed Wing Multi-Engine
N3KTAA,BOEING,737-823,2013.0,CFM INTL,CFM56-7B24E,Fixed Wing Multi-Engine
N3BUAA,BOEING,737-823,2000.0,CFM INTL.,CFM56 SERIES,Fixed Wing Multi-Engine
N3DGAA,BOEING,737-823,2001.0,CFM INTL.,CFM56 SERIES,Fixed Wing Multi-Engine
N3MNAA,BOEING,737-823,2015.0,CFM INTL,CFM56-7B24E,Fixed Wing Multi-Engine
N3DDAA,BOEING,737-823,2001.0,CFM INTL.,CFM56 SERIES,Fixed Wing Multi-Engine
N3MYAA,BOEING,737-823,2015.0,CFM INTL,CFM56-7B24E,Fixed Wing Multi-Engine
N3CJAA,BOEING,737-823,2001.0,CFM INTL.,CFM56 SERIES,Fixed Wing Multi-Engine
N3CEAA,BOEING,737-823,2000.0,CFM INTL.,CFM56 SERIES,Fixed Wing Multi-Engine
N3MRAA,BOEING,737-823,2015.0,CFM INTL,CFM56-7B24E,Fixed Wing Multi-Engine
N3KRAA,BOEING,737-823,2013.0,CFM INTL,CFM56-7B24E,Fixed Wing Multi-Engine
N3MWAA,BOEING,737-823,2015.0,CFM INTL,CFM56-7B24E,Fixed Wing Multi-Engine
N3KPAA,BOEING,737-823,2013.0,CFM INTL,CFM56-7B24E,Fixed Wing Multi-Engine
N3AEAA,BOEING,737-823,1999.0,CFM INTL.,CFM56 SERIES,Fixed Wing Multi-Engine
N3FXAA,BOEING,737-823,2010.0,CFM INTL,CFM56-7B24/3,Fixed Wing Multi-Engine
N3JUAA,BOEING,737-823,2012.0,CFM INTL,CFM56-7B24E,Fixed Wing Multi-Engine
N3LBAA,BOEING,737-823,2013.0,CFM INTL,CFM56-7B24E,Fixed Wing Multi-Engine
N3JBAA,BOEING,737-823,2012.0,CFM INTL,CFM56-7B24E,Fixed Wing Multi-Engine
N3NAAA,BOEING,737-823,2015.0,CFM INTL,CFM56-7B24E,Fixed Wing Multi-Engine
N3ADAA,BOEING,737-823,1999.0,CFM INTL.,CFM56 SERIES,Fixed Wing Multi-Engine
N3APAA,BOEING,737-823,1999.0,CFM INTL.,CFM56 SERIES,Fixed Wing Multi-Engine
N3BVAA,BOEING,737-823,2000.0,CFM INTL.,CFM56 SERIES,Fixed Wing Multi-Engine
N3GDAA,BOEING,737-823,2010.0,CFM INTL,CFM56-7B24/3,Fixed Wing Multi-Engine
N3MUAA,BOEING,737-823,2015.0,CFM INTL,CFM56-7B24E,Fixed Wing Multi-Engine
N3JSAA,BOEING,737-823,2012.0,CFM INTL,CFM56-7B24E,Fixed Wing Multi-Engine
N3GBAA,BOEING,737-823,2010.0,CFM INTL,CFM56-7B24/3,Fixed Wing Multi-Engine
N3DVAA,BOEING,737-823,2009.0,CFM INTL,CFM56-7B24/3,Fixed Wing Multi-Engine
N3GHAA,BOEING,737-823,2010.0,CFM INTL,CFM56-7B24/3,Fixed Wing Multi-Engine
N3ABAA,BOEING,737-823,1999.0,CFM INTL.,CFM56 SERIES,Fixed Wing Multi-Engine
N3JRAA,BOEING,737-823,2012.0,CFM INTL,CFM56-7B24E,Fixed Wing Multi-Engine
N3EAAA,BOEING,737-823,2009.0,CFM INTL,CFM56-7B24/3,Fixed Wing Multi-Engine
N3DXAA,BOEING,737-823,2009.0,CFM INTL,CFM56-7B24/3,Fixed Wing Multi-Engine
N3JVAA,BOEING,737-823,2012.0,CFM INTL,CFM56-7B24E,Fixed Wing Multi-Engine
N3BWAA,BOEING,737-823,2000.0,CFM INTL.,CFM56 SERIES,Fixed Wing Multi-Engine
N3FKAA,BOEING,737-823,2010.0,CFM INTL,CFM56-7B24/3,Fixed Wing Multi-Engine
N3LMAA,BOEING,737-823,2014.0,CFM INTL,CFM56-7B24E,Fixed Wing Multi-Engine
N3MAAA,BOEING,737-823,2014.0,CFM INTL,CFM56-7B24E,Fixed Wing Multi-Engine
N3LTAA,BOEING,737-823,2014.0,CFM INTL,CFM56-7B24E,Fixed Wing Multi-Engine
N3LUAA,BOEING,737-823,2014.0,CFM INTL,CFM56-7B24E,Fixed Wing Multi-Engine
N3LRAA,BOEING,737-823,2014.0,CFM INTL,CFM56-7B24E,Fixed Wing Multi-Engine
N3LHAA,BOEING,737-823,2014.0,CFM INTL,CFM56-7B24E,Fixed Wing Multi-Engine
N3LKAA,BOEING,737-823,2014.0,CFM INTL,CFM56-7B24E,Fixed Wing Multi-Engine
N3LXAA,BOEING,737-823,2014.0,CFM INTL,CFM56-7B24E,Fixed Wing Multi-Engine
N3MFAA,BOEING,737-823,2015.0,CFM INTL,CFM56-7B24E,Fixed Wing Multi-Engine
N3MKAA,BOEING,737-823,2015.0,CFM INTL,CFM56-7B24E,Fixed Wing Multi-Engine
N3LDAA,BOEING,737-823,2013.0,CFM INTL,CFM56-7B24E,Fixed Wing Multi-Engine
N3LGAA,BOEING,737-823,2013.0,CFM INTL,CFM56-7B24E,Fixed Wing Multi-Engine
N3LFAA,BOEING,737-823,2013.0,CFM INTL,CFM56-7B24E,Fixed Wing Multi-Engine
N3LVAA,BOEING,737-823,2014.0,CFM INTL,CFM56-7B24E,Fixed Wing Multi-Engine
N3JHAA,BOEING,737-823,2012.0,CFM INTL,CFM56-7B24E,Fixed Wing Multi-Engine
N3LCAA,BOEING,737-823,2013.0,CFM INTL,CFM56-7B24E,Fixed Wing Multi-Engine
N3LLAA,BOEING,737-823,2014.0,CFM INTL,CFM56-7B24E,Fixed Wing Multi-Engine
N3MHAA,BOEING,737-823,2015.0,CFM INTL,CFM56-7B24E,Fixed Wing Multi-Engine
N3LNAA,BOEING,737-823,2014.0,CFM INTL,CFM56-7B24E,Fixed Wing Multi-Engine
N3MBAA,BOEING,737-823,2014.0,CFM INTL,CFM56-7B24E,Fixed Wing Multi-Engine
N3MCAA,BOEING,737-823,2014.0,CFM INTL,CFM56-7B24E,Fixed Wing Multi-Engine
N3MGAA,BOEING,737-823,2015.0,CFM INTL,CFM56-7B24E,Fixed Wing Multi-Engine
N3MEAA,BOEING,737-823,2014.0,CFM INTL,CFM56-7B24E,Fixed Wing Multi-Engine
N875AA,AIRBUS,A321-231,2015.0,IAE,V2533-A5,Fixed Wing Multi-Engine
N878AA,AIRBUS,A321-231,2015.0,IAE,V2533-A5,Fixed Wing Multi-Engine
N4WKAA,MCDONNELL DOUGLAS,DC-9-83(MD-83),1992.0,P & W,JT8D-1,Fixed Wing Multi-Engine
N4YUAA,MCDONNELL DOUGLAS,DC-9-83(MD-83),1999.0,P & W,JT8D SERIES,Fixed Wing Multi-Engine
N4YAAA,MCDONNELL DOUGLAS,DC-9-83(MD-83),1999.0,P & W,JT8D SERIES,Fixed Wing Multi-Engine
N4XTAA,MCDONNELL DOUGLAS,DC-9-83(MD-83),1999.0,P & W,JT8D SERIES,Fixed Wing Multi-Engine
N4YCAA,MCDONNELL DOUGLAS,DC-9-83(MD-83),1999.0,P & W,JT8D SERIES,Fixed Wing Multi-Engine
N4XRAA,MCDONNELL DOUGLAS,DC-9-83(MD-83),1998.0,P & W,JT8D-17 SER,Fixed Wing Multi-Engine
N4XLAA,MCDONNELL DOUGLAS,DC-9-83(MD-83),1998.0,P & W,JT8D SERIES,Fixed Wing Multi-Engine
N4XFAA,MCDONNELL DOUGLAS,DC-9-83(MD-83),1997.0,P & W,JT8D SERIES,Fixed Wing Multi-Engine
N4YSAA,MCDONNELL DOUGLAS,DC-9-83(MD-83),1999.0,P & W,JT8D SERIES,Fixed Wing Multi-Engine
N4XXAA,MCDONNELL DOUGLAS,DC-9-83(MD-83),1999.0,P & W,JT8D SERIES,Fixed Wing Multi-Engine
N4XEAA,MCDONNELL DOUGLAS,DC-9-83(MD-83),1997.0,P & W,JT8D SERIES,Fixed Wing Multi-Engine
N4XUAA,MCDONNELL DOUGLAS,DC-9-83(MD-83),1999.0,P & W,JT8D SERIES,Fixed Wing Multi-Engine
N4XJAA,MCDONNELL DOUGLAS,DC-9-83(MD-83),1998.0,P & W,JT8D SERIES,Fixed Wing Multi-Engine
N4YTAA,MCDONNELL DOUGLAS,DC-9-83(MD-83),1999.0,P & W,JT8D SERIES,Fixed Wing Multi-Engine
N4XMAA,MCDONNELL DOUGLAS,DC-9-83(MD-83),1998.0,P & W,JT8D SERIES,Fixed Wing Multi-Engine
N4XDAA,MCDONNELL DOUGLAS,DC-9-83(MD-83),1997.0,P & W,JT8D SERIES,Fixed Wing Multi-Engine
N4WNAA,MCDONNELL DOUGLAS,DC-9-83(MD-83),2016.0,NONE,NONE,Fixed Wing Multi-Engine
N3LPAA,BOEING,737-823,2014.0,CFM INTL,CFM56-7B24E,Fixed Wing Multi-Engine
N3MDAA,BOEING,737-823,2014.0,CFM INTL,CFM56-7B24E,Fixed Wing Multi-Engine
N3JFAA,BOEING,737-823,2012.0,CFM INTL,CFM56-7B24E,Fixed Wing Multi-Engine
N3LYAA,BOEING,737-823,2014.0,CFM INTL,CFM56-7B24E,Fixed Wing Multi-Engine
N3LSAA,BOEING,737-823,2014.0,CFM INTL,CFM56-7B24E,Fixed Wing Multi-Engine
N3CUAA,BOEING,737-823,2001.0,CFM INTL.,CFM56 SERIES,Fixed Wing Multi-Engine
N3MJAA,BOEING,737-823,2015.0,CFM INTL,CFM56-7B24E,Fixed Wing Multi-Engine
N3EWAA,BOEING,737-823,2009.0,CFM INTL,CFM56-7B24/3,Fixed Wing Multi-Engine
N3HYAA,BOEING,737-823,2012.0,CFM INTL,CFM56-7B24E,Fixed Wing Multi-Engine
N3CYAA,BOEING,737-823,2001.0,CFM INTL.,CFM56 SERIES,Fixed Wing Multi-Engine
N3JJAA,BOEING,737-823,2012.0,CFM INTL,CFM56-7B24E,Fixed Wing Multi-Engine
N3EEAA,BOEING,737-823,2009.0,CFM INTL,CFM56-7B24/3,Fixed Wing Multi-Engine
N3BGAA,BOEING,737-823,2000.0,CFM INTL.,CFM56 SERIES,Fixed Wing Multi-Engine
N3CLAA,BOEING,737-823,2001.0,CFM INTL.,CFM56 SERIES,Fixed Wing Multi-Engine
N3AVAA,BOEING,737-823,1999.0,CFM INTL.,CFM56 SERIES,Fixed Wing Multi-Engine
N3GXAA,BOEING,737-823,2010.0,CFM INTL,CFM56-7B24/3,Fixed Wing Multi-Engine
N3FYAA,BOEING,737-823,2010.0,CFM INTL,CFM56-7B24/3,Fixed Wing Multi-Engine
N3ENAA,BOEING,737-823,2009.0,CFM INTL,CFM56-7B24/3,Fixed Wing Multi-Engine
N3AXAA,BOEING,737-823,1999.0,CFM INTL.,CFM56 SERIES,Fixed Wing Multi-Engine
N3ELAA,BOEING,737-823,2009.0,CFM INTL,CFM56-7B24/3,Fixed Wing Multi-Engine
N3MVAA,BOEING,737-823,2015.0,CFM INTL,CFM56-7B24E,Fixed Wing Multi-Engine
N3GCAA,BOEING,737-823,2010.0,CFM INTL,CFM56-7B24/3,Fixed Wing Multi-Engine
N3GUAA,BOEING,737-823,2010.0,CFM INTL,CFM56-7B24/3,Fixed Wing Multi-Engine
N3GYAA,BOEING,737-823,2011.0,CFM INTL,CFM56-7B24/3,Fixed Wing Multi-Engine
N3MMAA,BOEING,737-823,2014.0,CFM INTL,CFM56-7B24E,Fixed Wing Multi-Engine
N3KXAA,BOEING,737-823,2013.0,CFM INTL,CFM56-7B24E,Fixed Wing Multi-Engine
N3NBAA,BOEING,737-823,2015.0,CFM INTL,CFM56-7B24E,Fixed Wing Multi-Engine
N3LAAA,BOEING,737-823,2013.0,CFM INTL,CFM56-7B24E,Fixed Wing Multi-Engine
N3JMAA,BOEING,737-823,2012.0,CFM INTL,CFM56-7B24E,Fixed Wing Multi-Engine
N3CMAA,BOEING,737-823,2001.0,CFM INTL.,CFM56 SERIES,Fixed Wing Multi-Engine
N3BMAA,BOEING,737-823,2000.0,CFM INTL.,CFM56 SERIES,Fixed Wing Multi-Engine
N3ARAA,BOEING,737-823,1999.0,CFM INTL.,CFM56 SERIES,Fixed Wing Multi-Engine
N3EGAA,BOEING,737-823,2009.0,CFM INTL,CFM56-7B24/3,Fixed Wing Multi-Engine
N3JKAA,BOEING,737-823,2012.0,CFM INTL,CFM56-7B24E,Fixed Wing Multi-Engine
N3AGAA,BOEING,737-823,1999.0,CFM INTL.,CFM56 SERIES,Fixed Wing Multi-Engine
N3KYAA,BOEING,737-823,2013.0,CFM INTL,CFM56-7B24E,Fixed Wing Multi-Engine
N3GKAA,BOEING,737-823,2010.0,CFM INTL,CFM56-7B24/3,Fixed Wing Multi-Engine
N3KCAA,BOEING,737-823,2013.0,CFM INTL,CFM56-7B24E,Fixed Wing Multi-Engine
N3KWAA,BOEING,737-823,2013.0,CFM INTL,CFM56-7B24E,Fixed Wing Multi-Engine
N3CVAA,BOEING,737-823,2001.0,CFM INTL.,CFM56 SERIES,Fixed Wing Multi-Engine
N3CWAA,BOEING,737-823,2001.0,CFM INTL.,CFM56 SERIES,Fixed Wing Multi-Engine
N3KUAA,BOEING,737-823,2013.0,CFM INTL,CFM56-7B24E,Fixed Wing Multi-Engine
N3HLAA,BOEING,737-823,2011.0,CFM INTL,CFM56-7B24E,Fixed Wing Multi-Engine
N3BAAA,BOEING,737-823,1999.0,CFM INTL.,CFM56 SERIES,Fixed Wing Multi-Engine
N3FHAA,BOEING,737-823,2010.0,CFM INTL,CFM56-7B24/3,Fixed Wing Multi-Engine
N3FRAA,BOEING,737-823,2010.0,CFM INTL,CFM56-7B24/3,Fixed Wing Multi-Engine
N3ERAA,BOEING,737-823,2009.0,CFM INTL,CFM56-7B24/3,Fixed Wing Multi-Engine
N3DUAA,BOEING,737-823,2009.0,CFM INTL,CFM56-7B24/3,Fixed Wing Multi-Engine
N3ALAA,BOEING,737-823,1999.0,CFM INTL.,CFM56 SERIES,Fixed Wing Multi-Engine
N3EFAA,BOEING,737-823,2009.0,CFM INTL,CFM56-7B24/3,Fixed Wing Multi-Engine
N3EPAA,BOEING,737-823,2009.0,CFM INTL,CFM56-7B24/3,Fixed Wing Multi-Engine
N3JEAA,BOEING,737-823,2012.0,CFM INTL,CFM56-7B24E,Fixed Wing Multi-Engine
N3NDAA,BOEING,737-823,2016.0,CFM INTL,CFM56-7B24E,Fixed Wing Multi-Engine
N3HCAA,BOEING,737-823,2011.0,CFM INTL,CFM56-7B24E,Fixed Wing Multi-Engine
N3ASAA,BOEING,737-823,1999.0,CFM INTL.,CFM56 SERIES,Fixed Wing Multi-Engine
N3HTAA,BOEING,737-823,2012.0,CFM INTL,CFM56-7B24E,Fixed Wing Multi-Engine
N3EJAA,BOEING,737-823,2009.0,CFM INTL,CFM56-7B24/3,Fixed Wing Multi-Engine
N3HEAA,BOEING,737-823,2011.0,CFM INTL,CFM56-7B24,Fixed Wing Multi-Engine
N3KHAA,BOEING,737-823,2013.0,CFM INTL,CFM56-7B24E,Fixed Wing Multi-Engine
N3KNAA,BOEING,737-823,2013.0,CFM INTL,CFM56-7B24E,Fixed Wing Multi-Engine
N3DNAA,BOEING,737-823,2009.0,CFM INTL,CFM56-7B24/3,Fixed Wing Multi-Engine
N3GAAA,BOEING,737-823,2010.0,CFM INTL,CFM56-7B24/3,Fixed Wing Multi-Engine
N3CCAA,BOEING,737-823,2000.0,CFM INTL.,CFM56 SERIES,Fixed Wing Multi-Engine
N3AHAA,BOEING,737-823,1999.0,CFM INTL.,CFM56 SERIES,Fixed Wing Multi-Engine
N3DAAA,BOEING,737-823,2001.0,CFM INTL.,CFM56 SERIES,Fixed Wing Multi-Engine
N3GJAA,BOEING,737-823,2010.0,CFM INTL,CFM56-7B24/3,Fixed Wing Multi-Engine
N3ANAA,BOEING,737-823,1999.0,CFM INTL.,CFM56 SERIES,Fixed Wing Multi-Engine
N3KBAA,BOEING,737-823,2013.0,CFM INTL,CFM56-7B24E,Fixed Wing Multi-Engine
N3FNAA,BOEING,737-823,2010.0,CFM INTL,CFM56-7B24/3,Fixed Wing Multi-Engine
N852AA,AIRBUS INDUSTRIE,A321-231,2014.0,IAE,V2533-A5,Fixed Wing Multi-Engine
N853AA,AIRBUS,A321-231,2014.0,IAE,V2533-A5,Fixed Wing Multi-Engine
N368AA,,,,,,
N5ERAA,BOEING,757-223,1999.0,ROLLS-ROYC,RB.211 SERIES,Fixed Wing Multi-Engine
N5ETAA,BOEING,757-223,2001.0,ROLLS-ROYC,RB.211 SERIES,Fixed Wing Multi-Engine
N5FMAA,BOEING,757-223,2002.0,ROLLS-ROYC,RB.211 SERIES,Fixed Wing Multi-Engine
N5EWAA,BOEING,757-223,2001.0,ROLLS-ROYC,RB.211 SERIES,Fixed Wing Multi-Engine
N5DKAA,BOEING,757-223,1993.0,ROLLS-ROYC,RB.211 SERIES,Fixed Wing Multi-Engine
N3AYAA,BOEING,737-823,1999.0,CFM INTL.,CFM56 SERIES,Fixed Wing Multi-Engine
N5FEAA,BOEING,757-223,2001.0,ROLLS-ROYC,RB.211 SERIES,Fixed Wing Multi-Engine
N7ABAA,BOEING,777-223,1999.0,ROLLS-ROYC,RB.211 SERIES,Fixed Wing Multi-Engine
N7AVAA,BOEING,777-223,2000.0,ROLLS-ROYC,RB.211 SERIES,Fixed Wing Multi-Engine
N5EXAA,BOEING,757-223,2001.0,ROLLS-ROYC,RB.211 SERIES,Fixed Wing Multi-Engine
N5FFAA,BOEING,757-223,2001.0,ROLLS-ROYC,RB.211 SERIES,Fixed Wing Multi-Engine
N5EYAA,BOEING,757-223,2001.0,ROLLS-ROYC,RB.211 SERIES,Fixed Wing Multi-Engine
N5FSAA,BOEING,757-223,2002.0,ROLLS-ROYC,RB-211-22,Fixed Wing Multi-Engine
N5FCAA,BOEING,757-223,2001.0,ROLLS-ROYC,RB.211 SERIES,Fixed Wing Multi-Engine
N5FJAA,BOEING,757-223,2001.0,ROLLS-ROYC,RB.211 SERIES,Fixed Wing Multi-Engine
N5ELAA,BOEING,757-223,1999.0,ROLLS-ROYC,RB.211 SERIES,Fixed Wing Multi-Engine
N5DGAA,BOEING,757-223,1993.0,ROLLS-ROYC,54555,
N5EPAA,BOEING,757-223,1999.0,ROLLS-ROYC,RB.211 SERIES,Fixed Wing Multi-Engine
N5EUAA,BOEING,757-223,2001.0,ROLLS-ROYC,RB.211 SERIES,Fixed Wing Multi-Engine
N5EAAA,BOEING,757-223,1996.0,ROLLS-ROYC,RB.211 SERIES,Fixed Wing Multi-Engine
N5DVAA,BOEING,757-223,1995.0,ROLLS-ROYC,RB.211 SERIES,Fixed Wing Multi-Engine
N021AA,AIRBUS,A319-115,2014.0,CFM INTL,CFM56-5B7,Fixed Wing Multi-Engine
N3CGAA,BOEING,737-823,2000.0,CFM INTL.,CFM56 SERIES,Fixed Wing Multi-Engine
N015AA,AIRBUS,A319-115,2013.0,CFM INTL,CFM56-5B6/3,Fixed Wing Multi-Engine
N010AA,AIRBUS,A319-115,2013.0,CFM INTL,CFM56-5B6,Fixed Wing Multi-Engine
N3HHAA,BOEING,737-823,2011.0,CFM INTL,CFM56-7B24E,Fixed Wing Multi-Engine
N3DEAA,BOEING,737-823,2001.0,CFM INTL.,CFM56-7B,Fixed Wing Multi-Engine
N3CDAA,BOEING,737-823,2000.0,CFM INTL.,CFM56 SERIES,Fixed Wing Multi-Engine
N3BJAA,BOEING,737-823,2000.0,CFM INTL.,CFM56 SERIES,Fixed Wing Multi-Engine
N3BHAA,BOEING,737-823,2000.0,CFM INTL.,CFM56 SERIES,Fixed Wing Multi-Engine
N3KLAA,BOEING,737-823,2013.0,CFM INTL,CFM56-7B24E,Fixed Wing Multi-Engine
N3FUAA,BOEING,737-823,2010.0,CFM INTL,CFM56-7B24,Fixed Wing Multi-Engine
N3BPAA,BOEING,737-823,2000.0,CFM INTL.,CFM56 SERIES,Fixed Wing Multi-Engine
N3BRAA,BOEING,737-823,2000.0,CFM INTL.,CFM56 SERIES,Fixed Wing Multi-Engine
N3HKAA,BOEING,737-823,2011.0,CFM INTL,CFM56-7B24E,Fixed Wing Multi-Engine
N3FPAA,BOEING,737-823,2010.0,CFM INTL,CFM56-7B24/3,Fixed Wing Multi-Engine
N3DFAA,BOEING,737-823,2001.0,CFM INTL.,CFM56 SERIES,Fixed Wing Multi-Engine
N3KVAA,BOEING,737-823,2013.0,CFM INTL,CFM56-7B24E,Fixed Wing Multi-Engine
N3JAAA,BOEING,737-823,2012.0,CFM INTL,CFM56-7B24E,Fixed Wing Multi-Engine
N3DYAA,BOEING,737-823,2009.0,CFM INTL,CFM56-7B24/3,Fixed Wing Multi-Engine
N342AA,BOEING,767-323,2003.0,GE,CF6-80 SERIES,Fixed Wing Multi-Engine
N5FTAA,BOEING,757-223,2002.0,ROLLS-ROYC,RB.211 SERIES,Fixed Wing Multi-Engine
N7BNAA,BOEING,777-223,2001.0,ROLLS-ROYC,RB.211 SERIES,Fixed Wing Multi-Engine
N392AA,BOEING,767-323,1998.0,GE,CF6-6,Fixed Wing Multi-Engine
N385AA,BOEING,767-323,1994.0,GE,CF6-80 SERIES,Fixed Wing Multi-Engine
N5FHAA,BOEING,757-223,2001.0,ROLLS-ROYC,RB.211 SERIES,Fixed Wing Multi-Engine
N7BGAA,BOEING,777-223,2001.0,ROLLS-ROYC,RB.211 SERIES,Fixed Wing Multi-Engine
N5ESAA,BOEING,757-223,1999.0,ROLLS-ROYC,RB.211 SERIES,Fixed Wing Multi-Engine
N5EKAA,BOEING,757-223,1998.0,ROLLS-ROYC,RB.211 SERIES,Fixed Wing Multi-Engine
N398AA,BOEING,767-323,1999.0,GE,CF6-6,Fixed Wing Multi-Engine
N3CTAA,BOEING,737-823,2001.0,CFM INTL.,CFM56 SERIES,Fixed Wing Multi-Engine
N3EUAA,BOEING,737-823,2009.0,CFM INTL,CFM56-7B24/3,Fixed Wing Multi-Engine
N3FGAA,BOEING,737-823,2010.0,CFM INTL,CFM56-7B24/3,Fixed Wing Multi-Engine
N3NCAA,BOEING,737-823,2015.0,CFM INTL,CFM56-7B24E,Fixed Wing Multi-Engine
N3FVAA,BOEING,737-823,2010.0,CFM INTL,CFM56-7B24/3,Fixed Wing Multi-Engine
N3HVAA,BOEING,737-823,2012.0,CFM INTL,CFM56-7B24E,Fixed Wing Multi-Engine
N3DMAA,BOEING,737-823,2009.0,CFM INTL,CFM56-7B24/3,Fixed Wing Multi-Engine
N3BFAA,BOEING,737-823,2000.0,CFM INTL.,CFM56 SERIES,Fixed Wing Multi-Engine
N3ECAA,BOEING,737-823,2009.0,CFM INTL,CFM56-7B24/3,Fixed Wing Multi-Engine
N3GSAA,BOEING,737-823,2010.0,CFM INTL,CFM56-7B24/3,Fixed Wing Multi-Engine
N3CHAA,BOEING,737-823,2001.0,CFM INTL.,CFM56 SERIES,Fixed Wing Multi-Engine
N3EKAA,BOEING,737-823,2009.0,CFM INTL,CFM56-7B24/3,Fixed Wing Multi-Engine
N3CRAA,BOEING,737-823,2001.0,CFM INTL.,CFM56 SERIES,Fixed Wing Multi-Engine
N3AMAA,BOEING,737-823,1999.0,CFM INTL.,CFM56 SERIES,Fixed Wing Multi-Engine
N3FSAA,BOEING,737-823,2010.0,CFM INTL,CFM56-7B24/3,Fixed Wing Multi-Engine
N3BXAA,BOEING,737-823,2000.0,CFM INTL.,CFM56 SERIES,Fixed Wing Multi-Engine
N3JPAA,BOEING,737-823,2012.0,CFM INTL,CFM56-7B24E,Fixed Wing Multi-Engine
N3EBAA,BOEING,737-823,2009.0,CFM INTL,CFM56-7B24/3,Fixed Wing Multi-Engine
N3FBAA,BOEING,737-823,2010.0,CFM INTL,CFM56-7B24/3,Fixed Wing Multi-Engine
N3EVAA,BOEING,737-823,2009.0,CFM INTL,CFM56-7B24/3,Fixed Wing Multi-Engine
N3FAAA,BOEING,737-823,2010.0,CFM INTL,CFM56-7B24/3,Fixed Wing Multi-Engine
N3BNAA,BOEING,737-823,2000.0,CFM INTL.,CFM56 SERIES,Fixed Wing Multi-Engine
N3BCAA,BOEING,737-823,2000.0,CFM INTL.,CFM56 SERIES,Fixed Wing Multi-Engine
N3HPAA,BOEING,737-823,2011.0,CFM INTL,CFM56-7B24E,Fixed Wing Multi-Engine
N3EDAA,BOEING,737-823,2009.0,CFM INTL,CFM56-7B24/3,Fixed Wing Multi-Engine
N3GVAA,BOEING,737-823,2010.0,CFM INTL,CFM56-7B24/3,Fixed Wing Multi-Engine
N3FEAA,BOEING,737-823,2010.0,CFM INTL,CFM56-7B24/3,Fixed Wing Multi-Engine
N3EXAA,BOEING,737-823,2010.0,CFM INTL,CFM56-7B24/3,Fixed Wing Multi-Engine
N3JTAA,BOEING,737-823,2012.0,CFM INTL,CFM56-7B24E,Fixed Wing Multi-Engine
N3HUAA,BOEING,737-823,2012.0,CFM INTL,CFM56-7B24E,Fixed Wing Multi-Engine
N3HJAA,BOEING,737-823,2011.0,CFM INTL,CFM56-7B24E,Fixed Wing Multi-Engine
N3AUAA,BOEING,737-823,1999.0,CFM INTL.,CFM56 SERIES,Fixed Wing Multi-Engine
N3GTAA,BOEING,737-823,2010.0,CFM INTL,CFM56-7B24/3,Fixed Wing Multi-Engine
N3GFAA,BOEING,737-823,2010.0,CFM INTL,CFM56-7B24/3,Fixed Wing Multi-Engine
N3CSAA,BOEING,737-823,2001.0,CFM INTL.,CFM56 SERIES,Fixed Wing Multi-Engine
N3JCAA,BOEING,737-823,2012.0,CFM INTL,CFM56-7B24E,Fixed Wing Multi-Engine
N3BEAA,BOEING,737-823,2000.0,CFM INTL.,CFM56 SERIES,Fixed Wing Multi-Engine
N3GEAA,BOEING,737-823,2010.0,CFM INTL,CFM56-7B24/3,Fixed Wing Multi-Engine
N3DRAA,BOEING,737-823,2009.0,CFM INTL,CFM56-7B24/3,Fixed Wing Multi-Engine
N3BKAA,BOEING,737-823,2000.0,CFM INTL.,CFM56 SERIES,Fixed Wing Multi-Engine
N3MXAA,BOEING,737-823,2015.0,CFM INTL,CFM56-7B24E,Fixed Wing Multi-Engine
N3JGAA,BOEING,737-823,2012.0,CFM INTL,CFM56-7B24E,Fixed Wing Multi-Engine
N3GRAA,BOEING,737-823,2010.0,CFM INTL,CFM56-7B24/3,Fixed Wing Multi-Engine
N3KDAA,BOEING,737-823,2013.0,CFM INTL,CFM56-7B24E,Fixed Wing Multi-Engine
N3GGAA,BOEING,737-823,2010.0,CFM INTL,CFM56-7B24/3,Fixed Wing Multi-Engine
N3DPAA,BOEING,737-823,2009.0,CFM INTL,CFM56-7B24/3,Fixed Wing Multi-Engine
N3KFAA,BOEING,737-823,2013.0,CFM INTL,CFM56-7B24E,Fixed Wing Multi-Engine
N3HDAA,BOEING,737-823,2011.0,CFM INTL,CFM56-7B24/3,Fixed Wing Multi-Engine
N3FLAA,BOEING,737-823,2010.0,CFM INTL,CFM56-7B24/3,Fixed Wing Multi-Engine
N3DSAA,BOEING,737-823,2009.0,CFM INTL,CFM56-7B24/3,Fixed Wing Multi-Engine
N3LJAA,BOEING,737-823,2014.0,CFM INTL,CFM56-7B24E,Fixed Wing Multi-Engine
N3HNAA,BOEING,737-823,2011.0,CFM INTL,CFM56-7B24E,Fixed Wing Multi-Engine
N3HWAA,BOEING,737-823,2012.0,CFM INTL,CFM56-7B24E,Fixed Wing Multi-Engine
N3DHAA,BOEING,737-823,2001.0,CFM INTL.,CFM56 SERIES,Fixed Wing Multi-Engine
N3FJAA,BOEING,737-823,2010.0,CFM INTL,CFM56-7B24/3,Fixed Wing Multi-Engine
N3GWAA,BOEING,737-823,2010.0,CFM INTL,CFM56-7B24/3,Fixed Wing Multi-Engine
N3HGAA,BOEING,737-823,2011.0,CFM INTL,CFM56-7B24E,Fixed Wing Multi-Engine
N3JLAA,BOEING,737-823,2012.0,CFM INTL,CFM56-7B24E,Fixed Wing Multi-Engine
N3GLAA,BOEING,737-823,2010.0,CFM INTL,CFM56-7B24/3,Fixed Wing Multi-Engine
N3KSAA,BOEING,737-823,2013.0,CFM INTL,CFM56-7B24E,Fixed Wing Multi-Engine
N3CPAA,BOEING,737-823,2001.0,CFM INTL.,CFM56 SERIES,Fixed Wing Multi-Engine
N3KKAA,BOEING,737-823,2013.0,CFM INTL,CFM56-7B24E,Fixed Wing Multi-Engine
N3ACAA,BOEING,737-823,1999.0,CFM INTL.,CFM56 SERIES,Fixed Wing Multi-Engine
N3FCAA,BOEING,737-823,2010.0,CFM INTL,CFM56-7B24/3,Fixed Wing Multi-Engine
N3BBAA,BOEING,737-823,1999.0,CFM INTL.,CFM56 SERIES,Fixed Wing Multi-Engine
N4YRAA,MCDONNELL DOUGLAS,DC-9-83(MD-83),1999.0,P & W,JT8D SERIES,Fixed Wing Multi-Engine
N4YFAA,MCDONNELL DOUGLAS,DC-9-83(MD-83),1999.0,P & W,JT8D SERIES,Fixed Wing Multi-Engine
N5FPAA,BOEING,757-223,2002.0,ROLLS-ROYC,54554,
N5FGAA,BOEING,757-223,2001.0,ROLLS-ROYC,RB.211 SERIES,Fixed Wing Multi-Engine
N5FNAA,BOEING,757-223,2002.0,ROLLS-ROYC,54554,
N5ECAA,BOEING,757-223,1996.0,ROLLS-ROYC,54555,
N5DJAA,BOEING,757-223,1993.0,ROLLS-ROYC,RB.211 SERIES,Fixed Wing Multi-Engine
N7AUAA,BOEING,777-223,2000.0,ROLLS-ROYC,RB.211 SERIES,Fixed Wing Multi-Engine
N3LWAA,BOEING,737-823,2014.0,CFM INTL,CFM56-7B24E,Fixed Wing Multi-Engine
N3KGAA,BOEING,737-823,2013.0,CFM INTL,CFM56-7B24E,Fixed Wing Multi-Engine
N5EVAA,BOEING,757-223,2001.0,ROLLS-ROYC,RB.211 SERIES,Fixed Wing Multi-Engine
N7ASAA,BOEING,777-223,2000.0,ROLLS-ROYC,RB.211 SERIES,Fixed Wing Multi-Engine
N5FDAA,BOEING,757-223,2001.0,ROLLS-ROYC,RB211-535E4,Fixed Wing Multi-Engine
N5FRAA,BOEING,757-223,2002.0,ROLLS-ROYC,54554,
N7LLAA,BOEING,777-323ER,2014.0,GE,GE90-115B,Fixed Wing Multi-Engine
N4YDAA,MCDONNELL DOUGLAS,DC-9-83(MD-83),1999.0,P & W,JT8D SERIES,Fixed Wing Multi-Engine
N4XSAA,MCDONNELL DOUGLAS AIRCRAFT CO,MD 83,1997.0,P & W,JT8D SERIES,Fixed Wing Multi-Engine
N4UBAA,MCDONNELL DOUGLAS,DC-9-82(MD-82),1987.0,P & W,JT8D SERIES,Fixed Wing Multi-Engine
N4XCAA,MCDONNELL DOUGLAS,DC-9-83(MD-83),1997.0,P & W,JT8D SERIES,Fixed Wing Multi-Engine
N3DLAA,BOEING,737-823,2001.0,CFM INTL.,CFM56 SERIES,Fixed Wing Multi-Engine
N5FLAA,BOEING,757-223,2002.0,ROLLS-ROYC,RB.211 SERIES,Fixed Wing Multi-Engine
N5FKAA,BOEING,757-223,2001.0,ROLLS-ROYC,RB.211 SERIES,Fixed Wing Multi-Engine
N5FBAA,BOEING,757-223,2001.0,ROLLS-ROYC,RB.211 SERIES,Fixed Wing Multi-Engine
N5FAAA,BOEING,757-223,2001.0,ROLLS-ROYC,RB.211 SERIES,Fixed Wing Multi-Engine
N028AA,AIRBUS,A319-115,2015.0,CFM INTL,CFM56-5B7,Fixed Wing Multi-Engine
N3DBAA,BOEING,737-823,2001.0,CFM INTL.,CFM56 SERIES,Fixed Wing Multi-Engine
N3AJAA,BOEING,737-823,1999.0,CFM INTL.,CFM56 SERIES,Fixed Wing Multi-Engine
N792AA,AIRBUS INDUSTRIE,A321-231,2014.0,IAE,V2533-A5,Fixed Wing Multi-Engine
N3MPAA,BOEING,737-823,2015.0,CFM INTL,CFM56-7B24E,Fixed Wing Multi-Engine
N3EHAA,BOEING,737-823,2009.0,CFM INTL,CFM56-7B24/3,Fixed Wing Multi-Engine
N3ATAA,BOEING,737-823,1999.0,CFM INTL.,CFM56 SERIES,Fixed Wing Multi-Engine
N3CAAA,BOEING,737-823,2000.0,CFM INTL.,CFM56 SERIES,Fixed Wing Multi-Engine
N3BTAA,BOEING,737-823,2000.0,CFM INTL.,CFM56 SERIES,Fixed Wing Multi-Engine
N3CNAA,BOEING,737-823,2001.0,CFM INTL.,CFM56 SERIES,Fixed Wing Multi-Engine
N3DCAA,BOEING,737-823,2001.0,CFM INTL.,CFM56 SERIES,Fixed Wing Multi-Engine
N3HBAA,BOEING,737-823,2011.0,CFM INTL,CFM56-7B24/3,Fixed Wing Multi-Engine
N7AXAA,BOEING,777-223,2000.0,ROLLS-ROYC,RB.211 SERIES,Fixed Wing Multi-Engine
N7AJAA,BOEING,777-223,1999.0,ROLLS-ROYC,RB.211 SERIES,Fixed Wing Multi-Engine
N7BYAA,BOEING,777-223,2003.0,ROLLS-ROYC,RB.211 SERIES,Fixed Wing Multi-Engine
N7BEAA,BOEING,777-223,2000.0,ROLLS-ROYC,RB.211 SERIES,Fixed Wing Multi-Engine
N7BBAA,BOEING,777-223,2000.0,ROLLS-ROYC,TRENT 800,Fixed Wing Multi-Engine
N7BXAA,BOEING,777-223,2002.0,ROLLS-ROYC,RB.211 SERIES,Fixed Wing Multi-Engine
N7AYAA,BOEING,777-223,2000.0,ROLLS-ROYC,RB.211 SERIES,Fixed Wing Multi-Engine
N7ANAA,BOEING,777-223,2000.0,ROLLS-ROYC,RB.211 SERIES,Fixed Wing Multi-Engine
N7AFAA,BOEING,777-223,1999.0,ROLLS-ROYC,RB.211 SERIES,Fixed Wing Multi-Engine
N7BCAA,BOEING,777-223,2000.0,ROLLS-ROYC,RB.211 SERIES,Fixed Wing Multi-Engine
N7ACAA,BOEING,777-223,1999.0,ROLLS-ROYC,RB.211 SERIES,Fixed Wing Multi-Engine
N7ARAA,BOEING,777-223,2000.0,ROLLS-ROYC,RB.211 SERIES,Fixed Wing Multi-Engine
N7ALAA,BOEING,777-223,1999.0,ROLLS-ROYC,TRENT-892,Fixed Wing Multi-Engine
N7BMAA,BOEING,777-223,2001.0,ROLLS-ROYC,RB.211 SERIES,Fixed Wing Multi-Engine
N7CAAA,BOEING,777-223,2003.0,ROLLS-ROYC,RB.211 SERIES,Fixed Wing Multi-Engine
N7AAAA,BOEING,777-223,1999.0,ROLLS-ROYC,RB.211 SERIES,Fixed Wing Multi-Engine
N3HFAA,BOEING,737-823,2011.0,CFM INTL,CFM56-7B24E,Fixed Wing Multi-Engine
N3CBAA,BOEING,737-823,2000.0,CFM INTL.,CFM56 SERIES,Fixed Wing Multi-Engine
N3FDAA,BOEING,737-823,2010.0,CFM INTL,CFM56-7B24/3,Fixed Wing Multi-Engine
N3DJAA,BOEING,737-823,2001.0,CFM INTL.,CFM56 SERIES,Fixed Wing Multi-Engine
N3KMAA,BOEING,737-823,2013.0,CFM INTL,CFM56-7B24E,Fixed Wing Multi-Engine
N3CFAA,BOEING,737-823,2000.0,CFM INTL.,CFM56 SERIES,Fixed Wing Multi-Engine
N3FMAA,BOEING,737-823,2010.0,CFM INTL,CFM56-7B24/3,Fixed Wing Multi-Engine
N3AFAA,BOEING,737-823,1999.0,CFM INTL.,CFM56 SERIES,Fixed Wing Multi-Engine
N3DTAA,BOEING,737-823,2009.0,CFM INTL,CFM56-7B24/3,Fixed Wing Multi-Engine
N3ETAA,BOEING,737-823,2009.0,CFM INTL,CFM56-7B24/3,Fixed Wing Multi-Engine
N3CKAA,BOEING,737-823,2001.0,CFM INTL.,CFM56 SERIES,Fixed Wing Multi-Engine
N3JWAA,BOEING,737-823,2012.0,CFM INTL,CFM56-7B24E,Fixed Wing Multi-Engine
N783AA,AIRBUS INDUSTRIE,A321-231,2013.0,IAE,V2500SERIES,Fixed Wing Multi-Engine
N4XHAA,MCDONNELL DOUGLAS,DC-9-83(MD-83),1998.0,P & W,JT8D SERIES,Fixed Wing Multi-Engine
N345AA,BOEING,767-323,2003.0,GE,CF6-80 SERIES,Fixed Wing Multi-Engine
N5DEAA,BOEING,757-223,1993.0,ROLLS-ROYC,RB211-535E437,Fixed Wing Multi-Engine
N5EHAA,BOEING,757-223,1998.0,ROLLS-ROYC,54555,
N5DFAA,BOEING,757-223,1993.0,ROLLS-ROYC,54555,
N5EJAA,BOEING,757-223,1998.0,ROLLS-ROYC,54555,
N3KEAA,BOEING,737-823,2013.0,CFM INTL,CFM56-7B24E,Fixed Wing Multi-Engine
N3BYAA,BOEING,737-823,2000.0,CFM INTL.,CFM56 SERIES,Fixed Wing Multi-Engine
N3FFAA,BOEING,737-823,2010.0,CFM INTL,CFM56-7B24/3,Fixed Wing Multi-Engine
N3HRAA,BOEING,737-823,2011.0,CFM INTL,CFM56-7B24E,Fixed Wing Multi-Engine
N3EMAA,BOEING,737-823,2009.0,CFM INTL,CFM56-7B24/3,Fixed Wing Multi-Engine
N4WTAA,MCDONNELL DOUGLAS,DC-9-83(MD-83),1992.0,P & W,JT8D SERIES,Fixed Wing Multi-Engine
N4YNAA,MCDONNELL DOUGLAS,DC-9-83(MD-83),1999.0,P & W,JT8D SERIES,Fixed Wing Multi-Engine
N4XYAA,MCDONNELL DOUGLAS,DC-9-83(MD-83),1999.0,P & W,JT8D SERIES,Fixed Wing Multi-Engine
N3AAAA,BOEING,737-823,1999.0,CFM INTL.,CFM56 SERIES,Fixed Wing Multi-Engine
N011AA,AIRBUS,A319-115,2013.0,CFM INTL,CFM56-5B6,Fixed Wing Multi-Engine
N014AA,AIRBUS,A319-115,2013.0,CFM INTL,CFM56-5B6,Fixed Wing Multi-Engine
N024AA,AIRBUS,A319-115,2014.0,CFM INTL,CFM56-5B7/3,Fixed Wing Multi-Engine
N019AA,AIRBUS,A319-115,2014.0,CFM INTL,CFM56-5B7,Fixed Wing Multi-Engine
N018AA,AIRBUS,A319-115,2014.0,CFM INTL,CFM56-5B6/3,Fixed Wing Multi-Engine
N025AA,AIRBUS,A319-115,2014.0,CFM INTL,CFM56-5B7/3,Fixed Wing Multi-Engine
N029AA,AIRBUS,A319-115,2015.0,CFM INTL,CFM56-5B7/3,Fixed Wing Multi-Engine
N009AA,AIRBUS,A319-115,2013.0,CFM INTL,CFM56-5B6,Fixed Wing Multi-Engine
N022AA,AIRBUS,A319-115,2014.0,CFM INTL,CFM56-5B7,Fixed Wing Multi-Engine
N031AA,AIRBUS,A319-115,2015.0,CFM INTL,CFM56-5B7/3,Fixed Wing Multi-Engine
N003AA,AIRBUS,A319-115,2013.0,CFM INTL,CFM56-5B6,Fixed Wing Multi-Engine
N008AA,AIRBUS,A319-115,2013.0,CFM INTL,CFM56-5B6,Fixed Wing Multi-Engine
N004AA,AIRBUS,A319-115,2013.0,CFM INTL,CFM56-5B6,Fixed Wing Multi-Engine
N002AA,AIRBUS,A319-115,2013.0,CFM INTL,CFM56-5B6,Fixed Wing Multi-Engine
N027AA,AIRBUS,A319-115,2015.0,CFM INTL,CFM56-5B7,Fixed Wing Multi-Engine
N017AA,AIRBUS,A319-115,2014.0,CFM INTL,CFM56-5B7,Fixed Wing Multi-Engine
N020AA,AIRBUS,A319-115,2014.0,CFM INTL,CFM56-5B7,Fixed Wing Multi-Engine
N3EYAA,BOEING,737-823,2010.0,CFM INTL,CFM56-7B24/3,Fixed Wing Multi-Engine
N3BLAA,BOEING,737-823,2000.0,CFM INTL.,CFM56 SERIES,Fixed Wing Multi-Engine
N005AA,AIRBUS,A319-115,2013.0,CFM INTL,CFM56-5B6,Fixed Wing Multi-Engine
N030AA,AIRBUS,A319-115,2015.0,CFM INTL,CFM56-5B7/3,Fixed Wing Multi-Engine
N007AA,AIRBUS,A319-115,2013.0,CFM INTL,CFM56-5B7,Fixed Wing Multi-Engine
N016AA,AIRBUS,A319-115,2014.0,CFM INTL,CFM56-5B6/3,Fixed Wing Multi-Engine
N012AA,AIRBUS,A319-115,2013.0,CFM INTL,CFM56-5B6,Fixed Wing Multi-Engine
N026AA,AIRBUS,A319-115,2015.0,CFM INTL,CFM56-5B7,Fixed Wing Multi-Engine
N023AA,AIRBUS,A319-115,2014.0,CFM INTL,CFM56-5B7,Fixed Wing Multi-Engine
N4WMAA,MCDONNELL DOUGLAS,DC-9-83(MD-83),1992.0,P & W,JT8D SERIES,Fixed Wing Multi-Engine
N032AA,AIRBUS,A319-115,2015.0,CFM INTL,CFM56-5B7/3,Fixed Wing Multi-Engine
N013AA,CESSNA,170B,2017.0,CONT MOTOR,C145 SERIES,Fixed Wing Single-Engine
N483AA,MCDONNELL DOUGLAS,DC-9-82(MD-82),1988.0,P & W,JT8D SERIES,Fixed Wing Multi-Engine
N3AKAA,BOEING,737-823,1999.0,CFM INTL.,CFM56 SERIES,Fixed Wing Multi-Engine
N3GNAA,BOEING,737-823,2010.0,CFM INTL,CFM56-7B24/3,Fixed Wing Multi-Engine
N7LKAA,BOEING,777-323ER,2013.0,GE,GE90-115B,Fixed Wing Multi-Engine
N7LHAA,BOEING,777-323ER,2013.0,GE,GE90-115B,Fixed Wing Multi-Engine
N7LTAA,BOEING,777-323ER,2015.0,GE,GE90-115B,Fixed Wing Multi-Engine
N006AA,AIRBUS,A319-115,2013.0,CFM INTL,CFM56-5B7,Fixed Wing Multi-Engine
N4WLAA,MCDONNELL DOUGLAS,DC-9-83(MD-83),1992.0,P & W,JT8D SERIES,Fixed Wing Multi-Engine
N4XKAA,MCDONNELL DOUGLAS,DC-9-83(MD-83),1998.0,P & W,JT8D SERIES,Fixed Wing Multi-Engine
N7AHAA,BOEING,777-223,1999.0,ROLLS-ROYC,RB.211 SERIES,Fixed Wing Multi-Engine
N7BAAA,BOEING,777-223,2000.0,ROLLS-ROYC,RB.211 SERIES,Fixed Wing Multi-Engine
N7CBAA,BOEING,777-223,2006.0,ROLLS-ROYC,RB211-892-17,Fixed Wing Multi-Engine
N7BPAA,BOEING,777-223,2001.0,ROLLS-ROYC,RB.211 SERIES,Fixed Wing Multi-Engine
N5DHAA,BOEING,757-223,1993.0,ROLLS-ROYC,RB.211 SERIES,Fixed Wing Multi-Engine
N001AA,AIRBUS,A319-115,2013.0,CFM INTL,CFM56-5B6,Fixed Wing Multi-Engine
N7BVAA,BOEING,777-223,2002.0,ROLLS-ROYC,RB.211 SERIES,Fixed Wing Multi-Engine
N7BLAA,BOEING,777-223,2001.0,ROLLS-ROYC,RB.211 SERIES,Fixed Wing Multi-Engine
N7BWAA,BOEING,777-223,2002.0,ROLLS-ROYC,RB-211-22,Fixed Wing Multi-Engine
N7ADAA,BOEING,777-223,1999.0,ROLLS-ROYC,RB.211 SERIES,Fixed Wing Multi-Engine
N7BKAA,BOEING,777-223,2001.0,ROLLS-ROYC,RB.211 SERIES,Fixed Wing Multi-Engine
N7BFAA,BOEING,777-223,2001.0,ROLLS-ROYC,RB.211 SERIES,Fixed Wing Multi-Engine
N7AWAA,BOEING,777-223,2000.0,ROLLS-ROYC,RB.211 SERIES,Fixed Wing Multi-Engine
N7AMAA,BOEING,777-223,2000.0,ROLLS-ROYC,RB.211 SERIES,Fixed Wing Multi-Engine
N7BHAA,BOEING,777-223,2001.0,ROLLS-ROYC,RB.211 SERIES,Fixed Wing Multi-Engine
N7AGAA,BOEING,777-223,1999.0,ROLLS-ROYC,RB.211 SERIES,Fixed Wing Multi-Engine
N7LDAA,BOEING,777-323ER,2013.0,GE,GE90-115B,Fixed Wing Multi-Engine
N7LUAA,BOEING,777-323ER,2015.0,GE,GE90-115B,Fixed Wing Multi-Engine
N7LMAA,BOEING,777-323ER,2014.0,GE,GE90-115B,Fixed Wing Multi-Engine
N7LNAA,BOEING,777-323ER,2014.0,GE,GE90-115B,Fixed Wing Multi-Engine
N7LBAA,BOEING,777-323ER,2012.0,GE,GE90-115B,Fixed Wing Multi-Engine
N7LCAA,BOEING,777-323ER,2013.0,GE,GE90-115B,Fixed Wing Multi-Engine
N7LFAA,BOEING,777-323ER,2013.0,GE,GE90-115B,Fixed Wing Multi-Engine
N7LPAA,BOEING,777-323ER,2014.0,GE,GE90-115B,Fixed Wing Multi-Engine
N7LSAA,BOEING,777-323ER,2014.0,Unknown,Unknown,Fixed Wing Multi-Engine
N7LGAA,BOEING,777-323ER,2013.0,GE,GE90-115B,Fixed Wing Multi-Engine
N7LEAA,BOEING,777-323ER,2013.0,GE,GE90-115B,Fixed Wing Multi-Engine
N5ENAA,BOEING,757-223,1999.0,ROLLS-ROYC,RB.211 SERIES,Fixed Wing Multi-Engine
N7AEAA,BOEING,777-223,1999.0,ROLLS-ROYC,RB.211 SERIES,Fixed Wing Multi-Engine
N7AKAA,BOEING,777-223,1999.0,ROLLS-ROYC,RB.211 SERIES,Fixed Wing Multi-Engine
N7BSAA,BOEING,777-223,2001.0,ROLLS-ROYC,RB.211 SERIES,Fixed Wing Multi-Engine
N7BDAA,BOEING,777-223,2000.0,ROLLS-ROYC,RB.211 SERIES,Fixed Wing Multi-Engine
N3AWAA,BOEING,737-823,1999.0,CFM INTL.,CFM56 SERIES,Fixed Wing Multi-Engine
N5CKAA,BOEING,757-223,1992.0,ROLLS-ROYC,RB.211 SERIES,Fixed Wing Multi-Engine
N7LJAA,BOEING,777-323ER,2013.0,GE,GE90-115B,Fixed Wing Multi-Engine
N7ATAA,BOEING,777-223,2000.0,ROLLS-ROYC,RB.211 SERIES,Fixed Wing Multi-Engine
N8ABAA,BOEING,787-8,2015.0,GE,GENX-1B70/P2,Fixed Wing Multi-Engine
N8AAAA,BOEING,787-8,2015.0,GE,GENX-1B70/P2,Fixed Wing Multi-Engine
N8AMAA,BOEING,787-8,2015.0,GE,GENX-1B70/P2,Fixed Wing Multi-Engine
N8ALAA,BOEING,787-8,2015.0,GE,GENX-1B70/P2,Fixed Wing Multi-Engine
N8AEAA,BOEING,787-8,2015.0,GE,GENX-1B70/P2,Fixed Wing Multi-Engine
N8AJAA,BOEING,787-8,2015.0,GE,GENX-1B70/P2,Fixed Wing Multi-Engine
N8AHAA,BOEING,787-8,2015.0,GE,GENX-1B70/P2,Fixed Wing Multi-Engine
N8AFAA,BOEING,787-8,2015.0,GE,GENX-1B70/P2,Fixed Wing Multi-Engine
N8ADAA,BOEING,787-8,2015.0,GE,GENX-1B70/P2,Fixed Wing Multi-Engine
N8ACAA,BOEING,787-8,2015.0,GE,GENX-1B70/P2,Fixed Wing Multi-Engine
N8AKAA,BOEING,787-8,2015.0,GE,GENX-1B70/P2,Fixed Wing Multi-Engine
N8AGAA,BOEING,787-8,2015.0,GE,GENX-1B70,Fixed Wing Multi-Engine
N8ANAA,BOEING,787-8,2015.0,GE,GENX-1B70/P2,Fixed Wing Multi-Engine
N498SW,,,,,,
N7820J,BOEING,737-79P,2002.0,CFM INTL,CFM56-7B24,Fixed Wing Multi-Engine
N632SW,BOEING,737-3H4,1996.0,CFM INTL.,CFM56 SERIES,Fixed Wing Multi-Engine
N7BRAA,BOEING,777-223,2001.0,ROLLS-ROYC,RB.211 SERIES,Fixed Wing Multi-Engine
N7CCAA,BOEING,777-223,2006.0,ROLLS-ROYC,RB211-892-17,Fixed Wing Multi-Engine
N3NEAA,BOEING,737-823,2016.0,CFM INTL,CFM56-7B24E,Fixed Wing Multi-Engine
N7LRAA,BOEING,777-323ER,2014.0,GE,GE90-115B,Fixed Wing Multi-Engine
N7BJAA,BOEING,777-223,2001.0,ROLLS-ROYC,RB.211 SERIES,Fixed Wing Multi-Engine
N7BUAA,BOEING,777-223,2001.0,ROLLS-ROYC,RB.211 SERIES,Fixed Wing Multi-Engine
N7LAAA,BOEING,777-323ER,2012.0,GE,GE90-115B,Fixed Wing Multi-Engine
N3NFAA,BOEING,737-823,2016.0,CFM INTL,CFM56-7B24E,Fixed Wing Multi-Engine
N7BTAA,BOEING,777-223,2001.0,ROLLS-ROYC,RB.211 SERIES,Fixed Wing Multi-Engine
N3BSAA,BOEING,737-823,2000.0,CFM INTL.,CFM56 SERIES,Fixed Wing Multi-Engine
N8APAA,BOEING,787-8,2016.0,GE,GENX-1B70/P2,Fixed Wing Multi-Engine
N3NVAA,BOEING,737-800,2016.0,CFM INTL,CFM56-7B24E,Fixed Wing Multi-Engine
N892AA,AIRBUS,A321-231,2016.0,IAE,V2533-A5,Fixed Wing Multi-Engine
N890AA,AIRBUS,A321-231,2016.0,IAE,V2533-A5,Fixed Wing Multi-Engine
N897AA,AIRBUS,A321-231,2016.0,IAE,V2533-A5,Fixed Wing Multi-Engine
N3NUAA,BOEING,737-800,2016.0,CFM INTL,CFM56-7B24E,Fixed Wing Multi-Engine
N3NPAA,BOEING,737-823,2016.0,CFM INTL,CFM56-7B24E,Fixed Wing Multi-Engine
N3NHAA,BOEING,737-823,2016.0,CFM INTL,CFM56-7B24E,Fixed Wing Multi-Engine
N3NSAA,BOEING,737-823,2016.0,CFM INTL,CFM56-7B24E,Fixed Wing Multi-Engine
N3NWAA,BOEING,737-800,2016.0,CFM INTL,CFM56-7B24E,Fixed Wing Multi-Engine
N3NTAA,BOEING,737-823,2016.0,CFM INTL,CFM56-7B24,Fixed Wing Multi-Engine
N3NNAA,BOEING,737-823,2016.0,CFM INTL,CFM56-7B24E,Fixed Wing Multi-Engine
N3NGAA,BOEING,737-823,2016.0,CFM INTL,CFM56-7B24E,Fixed Wing Multi-Engine
N3NJAA,BOEING,737-823,2016.0,CFM INTL,CFM56-7B24E,Fixed Wing Multi-Engine
N3NXAA,BOEING,737-800,2016.0,CFM INTL,CFM56-7B24E,Fixed Wing Multi-Engine
N3NRAA,BOEING,737-823,2016.0,CFM INTL,CFM56-7B24E,Fixed Wing Multi-Engine
N3NKAA,BOEING,737-823,2016.0,CFM INTL,CFM56-7B24E,Fixed Wing Multi-Engine
N8ATAA,BOEING,787-8,2016.0,GE,GENX-1B70/P2,Fixed Wing Multi-Engine
N3NMAA,BOEING,737-823,2016.0,CFM INTL,CFM56-7B24E,Fixed Wing Multi-Engine
N7LVAA,BOEING,777-323ER,2016.0,GE,GE90-115B,Fixed Wing Multi-Engine
N7LWAA,BOEING,777-323ER,2016.0,GE,GE90-115B,Fixed Wing Multi-Engine
N3NLAA,BOEING,737-823,2016.0,CFM INTL,CFM56-7B24E,Fixed Wing Multi-Engine
N7APAA,BOEING,777-223,2000.0,ROLLS-ROYC,RB.211 SERIES,Fixed Wing Multi-Engine
N8ARAA,BOEING,787-8,2016.0,GE,GENX-1B70/P2,Fixed Wing Multi-Engine
N8ASAA,BOEING,787-8,2016.0,GE,GENX-1B70/P2,Fixed Wing Multi-Engine
N650AA,AIRBUS INDUSTRIE,A320-232,1998.0,IAE,V2500SERIES,Fixed Wing Multi-Engine
N978AA,AIRBUS,A321-231,2012.0,IAE,V2533-A5,Fixed Wing Multi-Engine
N563AA,AIRBUS,A321-231,2012.0,IAE,V2533-A5,Fixed Wing Multi-Engine
N982AA,AIRBUS,A321-231,2012.0,IAE,V2533-A5,Fixed Wing Multi-Engine
N979AA,AIRBUS,A321-231,2013.0,IAE,V2533-A5,Fixed Wing Multi-Engine
N927AA,AIRBUS,A321-231,2015.0,IAE,V2533-A5,Fixed Wing Multi-Engine
N170AA,AIRBUS INDUSTRIE,A321-211,2001.0,CFM INTL.,CFM56 SERIES,Fixed Wing Multi-Engine
N760AA,AIRBUS INDUSTRIE,A319-112,2000.0,CFM INTL.,CFM56 SERIES,Fixed Wing Multi-Engine
N937AA,BOEING,757-2B7,1994.0,ROLLS-ROYC,RB.211 SERIES,Fixed Wing Multi-Engine
N118AA,AIRBUS INDUSTRIE,A320-214,2000.0,CFM INTL.,CFM56 SERIES,Fixed Wing Multi-Engine
N766AA,AIRBUS INDUSTRIE,A319-112,2000.0,CFM INTL.,CFM56 SERIES,Fixed Wing Multi-Engine
N744AA,AIRBUS INDUSTRIE,A319-112,2000.0,CFM INTL.,CFM56 SERIES,Fixed Wing Multi-Engine
N810AA,AIRBUS INDUSTRIE,A319-132,1999.0,IAE,V2500SERIES,Fixed Wing Multi-Engine
N837AA,AIRBUS,A319-132,2005.0,IAE,V2500SERIES,Fixed Wing Multi-Engine
N746AA,AIRBUS INDUSTRIE,A319-112,2000.0,CFM INTL.,CFM56 SERIES,Fixed Wing Multi-Engine
N713AA,AIRBUS INDUSTRIE,A319-112,1999.0,CFM INTL.,CFM56 SERIES,Fixed Wing Multi-Engine
N740AA,AIRBUS INDUSTRIE,A319-112,2000.0,CFM INTL.,CFM56 SERIES,Fixed Wing Multi-Engine
N715AA,AIRBUS INDUSTRIE,A319-112,1999.0,CFM INTL.,CFM56 SERIES,Fixed Wing Multi-Engine
N963AA,EMBRAER,ERJ 190-100 IGW,2008.0,GE,CF34-10E6,Fixed Wing Multi-Engine
N958AA,EMBRAER,ERJ 190-100 IGW,2008.0,GE,CF34-10E6,Fixed Wing Multi-Engine
N946AA,EMBRAER,ERJ 190-100 IGW,2007.0,GE,CF34-10E6,Fixed Wing Multi-Engine
N957AA,EMBRAER,ERJ 190-100 IGW,2008.0,GE,CF34-10E6,Fixed Wing Multi-Engine
N8LAAA,BOEING,787-9,2016.0,GE,GENX-1B74/75/,Fixed Wing Multi-Engine
N8LBAA,BOEING,787-9,2016.0,GE,GENX-1B74/75/,Fixed Wing Multi-Engine
N8LCAA,BOEING,787-9,2016.0,Unknown,Unknown,Fixed Wing Multi-Engine
N301DN,AIRBUS,A321-211,2016.0,CFM INTL,CFM56-5B3/3,Fixed Wing Multi-Engine
N3NYAA,BOEING,737-800,2016.0,CFM INTL,CFM56-7B24E,Fixed Wing Multi-Engine
PLANET,,,,,,
N3PBAA,BOEING,737-800,2017.0,CFM INTL,CFM56-7B24E,Fixed Wing Multi-Engine
N3PAAA,BOEING,737-800,2016.0,CFM INTL,CFM56-7B24E,Fixed Wing Multi-Engine
N399FR,BOEING,767-323,1999.0,GE,CF6-80 SERIES,Fixed Wing Multi-Engine
N3PCAA,BOEING,737-800,2017.0,CFM INTL,CFM56-7B24E,Fixed Wing Multi-Engine
N3PDAA,BOEING,737-800,2017.0,CFM INTL,CFM56-7B24E,Fixed Wing Multi-Engine
N8LFAA,BOEING,787-9,2017.0,GE,GENX-1B74/75/,Fixed Wing Multi-Engine
N8AUAA,BOEING,787-8,2017.0,GE,GENX-1B70/P2,Fixed Wing Multi-Engine
N8LDAA,BOEING,787-9,2016.0,GE,GENX-1B74/75/,Fixed Wing Multi-Engine
N3PPAA,BOEING,737-800,2017.0,CFM INTL,CFM56-7B24E,Fixed Wing Multi-Engine
N3PRAA,BOEING,737-800,2017.0,CFM INTL,CFM56-7B24E,Fixed Wing Multi-Engine
N3PTAA,BOEING,737-800,2017.0,CFM INTL,CFM56-7B24E,Fixed Wing Multi-Engine
N3PHAA,BOEING,737-800,2017.0,CFM INTL,CFM56-7B24E,Fixed Wing Multi-Engine
N3PMAA,BOEING,737-800,2017.0,CFM INTL,CFM56-7B24E,Fixed Wing Multi-Engine
N3PSAA,BOEING,737-800,2017.0,CFM INTL,CFM56-7B24E,Fixed Wing Multi-Engine
N3PFAA,BOEING,737-800,2017.0,CFM INTL,CFM56-7B24E,Fixed Wing Multi-Engine
N3PNAA,BOEING,737-800,2017.0,CFM INTL,CFM56-7B24E,Fixed Wing Multi-Engine
N3PJAA,BOEING,737-800,2017.0,CFM INTL,CFM56-7B24E,Fixed Wing Multi-Engine
N3PLAA,BOEING,737-800,2017.0,CFM INTL,CFM56-7B24E,Fixed Wing Multi-Engine
N3PGAA,BOEING,737-800,2017.0,CFM INTL,CFM56-7B24E,Fixed Wing Multi-Engine
N3PUAA,BOEING,737-800,2017.0,CFM INTL,CFM56-7B24E,Fixed Wing Multi-Engine
N8AWAA,BOEING,787-8,2017.0,GE,GENX-1B70/P2,Fixed Wing Multi-Engine
N3PKAA,BOEING,737-800,2017.0,CFM INTL,CFM56-7B24E,Fixed Wing Multi-Engine
N3PEAA,BOEING,737-800,2017.0,CFM INTL,CFM56-7B24E,Fixed Wing Multi-Engine
N8LNAA,BOEING,787-9,2017.0,GE,GENX-1B74/75/,Fixed Wing Multi-Engine
N3RAAA,BOEING,737-8,2017.0,CFM INTL,LEAP-1B25,Fixed Wing Multi-Engine
N3RBAA,BOEING,737-8,2017.0,CFM INTL,LEAP-1B25,Fixed Wing Multi-Engine
N8LJAA,BOEING,787-9,2017.0,GE,GENX SERIES,Fixed Wing Multi-Engine
N8LLAA,BOEING,787-9,2017.0,GE,GENX-1B74/75/,Fixed Wing Multi-Engine
N8LHAA,BOEING,787-9,2017.0,GE,GENX-1B74/75/,Fixed Wing Multi-Engine
N8LKAA,BOEING,787-9,2017.0,GE,GENX-1B74/75/,Fixed Wing Multi-Engine
N8LEAA,BOEING,787-9,2017.0,GE,GENX-1B74/75/,Fixed Wing Multi-Engine
N8LGAA,BOEING,787-9,2017.0,GE,GENX-1B74/75/,Fixed Wing Multi-Engine
N8LMAA,BOEING,787-9,2017.0,GE,GENX-1B74/75/,Fixed Wing Multi-Engine
N8AVAA,BOEING,787-8,2017.0,GE,GENX-1B70/P2,Fixed Wing Multi-Engine
N3PWAA,BOEING,737-800,2017.0,CFM INTL,CFM56-7B24E,Fixed Wing Multi-Engine
N3PVAA,BOEING,737-800,2017.0,CFM INTL,CFM56-7B24E,Fixed Wing Multi-Engine
N3PXAA,BOEING,737-800,2017.0,CFM INTL,CFM56-7B24E,Fixed Wing Multi-Engine
N8LPAA,BOEING,787-9,2017.0,GE,GENX-1B74/75/,Fixed Wing Multi-Engine
