old_tail_num,new_tail_num
N526JB,N526JL
N527JB,N527JL
N507JB,N507JT
N943JB,N943JT
N531JB,N531JL
N760AS,N807TJ
N769AS,N808TJ
N767AS,N806TJ
N855AS,N987SW
N128UA,5N-ADM
N608SW,N138CG
N617SW,N137CG
N606SW,N926XA
N4YBAA,N968TW
N541AA,N7541A
N4YPAA,N980TW
N4XBAA,N9615W
N4XPAA,N9628W
N4UCAA,N955U
N4XVAA,N963TW
N4XGAA,N9620D
N4YEAA,N971TW
N4WJAA,N9401W
N4YLAA,N9677W
N4XWAA,N964TW
N3HMAA,N879NN
N3BDAA,N927AN
N3KJAA,N923NN
N3FWAA,N843NN
N3ESAA,N816NN
N3JDAA,N894NN
N3JXAA,N913NN
N3JYAA,N914NN
N3GPAA,N859NN
N3HXAA,N889NN
N3DWAA,N991AN
N3MLAA,N969NN
N3HAAA,N868NN
N3FTAA,N840NN
N3KAAA,N915NN
N3CXAA,N966AN
N3GMAA,N857NN
N3LEAA,N941NN
N3HSAA,N883NN
N3JNAA,N904NN
N3KTAA,N931NN
N3BUAA,N941AN
N3DGAA,N974AN
N3MNAA,N971NN
N3DDAA,N971AN
N3MYAA,N980NN
N3CJAA,N954AN
N3CEAA,N950AN
N3MRAA,N973NN
N3KRAA,N929NN
N3MWAA,N978NN
N3KPAA,N928NN
N3AEAA,N905AN
N3FXAA,N844NN
N3JUAA,N909NN
N3LBAA,N938NN
N3JBAA,N892NN
N3NAAA,N981NN
N3ADAA,N904AN
N3APAA,N915AN
N3BVAA,N942AN
N3GDAA,N849NN
N3MUAA,N976NN
N3JSAA,N907NN
N3GBAA,N847NN
N3DVAA,N990AN
N3GHAA,N853NN
N3ABAA,N902AN
N3JRAA,N906NN
N3EAAA,N801NN
N3DXAA,N992AN
N3JVAA,N910NN
N3BWAA,N943AN
N3FKAA,N833NN
N3LMAA,N948NN
N3MAAA,N959NN
N3LTAA,N953NN
N3LUAA,N954NN
N3LRAA,N951NN
N3LHAA,N944NN
N3LKAA,N946NN
N3LXAA,N957NN
N3MFAA,N964NN
N3MKAA,N968NN
N3LDAA,N940NN
N3LGAA,N943NN
N3LFAA,N942NN
N3LVAA,N955NN
N3JHAA,N898NN
N3LCAA,N939NN
N3LLAA,N947NN
N3MHAA,N966NN
N3LNAA,N949NN
N3MBAA,N960NN
N3MCAA,N961NN
N3MGAA,N965NN
N3MEAA,N963NN
N875AA,N143AN
N878AA,N146AA
N4WKAA,N9402W
N4YUAA,N984TW
N4YAAA,N967TW
N4XTAA,N961TW
N4YCAA,N969TW
N4XRAA,N9629H
N4XLAA,N9625W
N4XFAA,N9619V
N4YSAA,N982TW
N4XXAA,N965TW
N4XEAA,N9618A
N4XUAA,N962TW
N4XJAA,N9622A
N4YTAA,N983TW
N4XMAA,N9626F
N4XDAA,N9617R
N4WNAA,N9405T
N3LPAA,N950NN
N3MDAA,N962NN
N3JFAA,N896NN
N3LYAA,N958NN
N3LSAA,N952NN
N3CUAA,N963AN
N3MJAA,N967NN
N3EWAA,N820NN
N3HYAA,N890NN
N3CYAA,N967AN
N3JJAA,N899NN
N3EEAA,N805NN
N3BGAA,N930AN
N3CLAA,N956AN
N3AVAA,N920AN
N3GXAA,N866NN
N3FYAA,N845NN
N3ENAA,N813NN
N3AXAA,N922AN
N3ELAA,N811NN
N3MVAA,N977NN
N3GCAA,N848NN
N3GUAA,N863NN
N3GYAA,N867NN
N3MMAA,N970NN
N3KXAA,N935NN
N3NBAA,N982NN
N3LAAA,N937NN
N3JMAA,N903NN
N3CMAA,N957AN
N3BMAA,N935AN
N3ARAA,N916AN
N3EGAA,N807NN
N3JKAA,N901NN
N3AGAA,N907AN
N3KYAA,N936NN
N3GKAA,N855NN
N3KCAA,N917NN
N3KWAA,N934NN
N3CVAA,N964AN
N3CWAA,N965AN
N3KUAA,N932NN
N3HLAA,N878NN
N3BAAA,N924AN
N3FHAA,N831NN
N3FRAA,N838NN
N3ERAA,N815NN
N3DUAA,N989AN
N3ALAA,N912AN
N3EFAA,N806NN
N3EPAA,N814NN
N3JEAA,N895NN
N3NDAA,N984NN
N3HCAA,N871NN
N3ASAA,N917AN
N3HTAA,N884NN
N3EJAA,N809NN
N3HEAA,N870NN
N3KHAA,N922NN
N3KNAA,N927NN
N3DNAA,N980AN
N3GAAA,N846NN
N3CCAA,N948AN
N3AHAA,N908AN
N3DAAA,N968AN
N3GJAA,N854NN
N3ANAA,N914AN
N3KBAA,N916NN
N3FNAA,N836NN
N852AA,N120EE
N853AA,N121AN
N368AA,N396CM
N5ERAA,N183AN
N5ETAA,N185AN
N5FMAA,N177AN
N5EWAA,N188AN
N5DKAA,N692AA
N3AYAA,N923AN
N5FEAA,N195AN
N7ABAA,N771AN
N7AVAA,N788AN
N5EXAA,N189AN
N5FFAA,N196AA
N5EYAA,N190AA
N5FSAA,N173AN
N5FCAA,N193AN
N5FJAA,N199AN
N5ELAA,N679AN
N5DGAA,N689AA
N5EPAA,N182AN
N5EUAA,N186AN
N5EAAA,N606AA
N5DVAA,N602AN
N021AA,N9021H
N3CGAA,N952AA
N015AA,N9015D
N010AA,N9010R
N3HHAA,N875NN
N3DEAA,N972AN
N3CDAA,N949AN
N3BJAA,N932AN
N3BHAA,N931AN
N3KLAA,N925NN
N3FUAA,N841NN
N3BPAA,N937AN
N3BRAA,N938AN
N3HKAA,N877NN
N3FPAA,N837NN
N3DFAA,N973AN
N3KVAA,N933NN
N3JAAA,N891NN
N3DYAA,N800NN
N342AA,N342AN
N5FTAA,N172AJ
N7BNAA,N754AN
N392AA,N392AN
N385AA,N385AM
N5FHAA,N198AA
N7BGAA,N798AN
N5ESAA,N184AN
N5EKAA,N678AN
N398AA,N398AN
N3CTAA,N962AN
N3EUAA,N818NN
N3FGAA,N830NN
N3NCAA,N983NN
N3FVAA,N842NN
N3HVAA,N886NN
N3DMAA,N979AN
N3BFAA,N929AN
N3ECAA,N803NN
N3GSAA,N861NN
N3CHAA,N953AN
N3EKAA,N810NN
N3CRAA,N960AN
N3AMAA,N913AN
N3FSAA,N839NN
N3BXAA,N944AN
N3JPAA,N905NN
N3EBAA,N802NN
N3FBAA,N824NN
N3EVAA,N819NN
N3FAAA,N823NN
N3BNAA,N936AN
N3BCAA,N926AN
N3HPAA,N881NN
N3EDAA,N804NN
N3GVAA,N864NN
N3FEAA,N827NN
N3EXAA,N821NN
N3JTAA,N908NN
N3HUAA,N885NN
N3HJAA,N876NN
N3AUAA,N919AN
N3GTAA,N862NN
N3GFAA,N851NN
N3CSAA,N961AN
N3JCAA,N893NN
N3BEAA,N928AN
N3GEAA,N850NN
N3DRAA,N982AN
N3BKAA,N933AN
N3MXAA,N979NN
N3JGAA,N897NN
N3GRAA,N860NN
N3KDAA,N918NN
N3GGAA,N852NN
N3DPAA,N981AN
N3KFAA,N920NN
N3HDAA,N872NN
N3FLAA,N834NN
N3DSAA,N983AN
N3LJAA,N945NN
N3HNAA,N880NN
N3HWAA,N887NN
N3DHAA,N975AN
N3FJAA,N832NN
N3GWAA,N865NN
N3HGAA,N873NN
N3JLAA,N902NN
N3GLAA,N856NN
N3KSAA,N930NN
N3CPAA,N959AN
N3KKAA,N924NN
N3ACAA,N903AN
N3FCAA,N825NN
N3BBAA,N925AN
N4YRAA,N9681B
N4YFAA,N972TW
N5FPAA,N179AA
N5FGAA,N197AN
N5FNAA,N174AA
N5ECAA,N608AA
N5DJAA,N691AA
N7AUAA,N787AL
N3LWAA,N956NN
N3KGAA,N921NN
N5EVAA,N187AN
N7ASAA,N785AN
N5FDAA,N194AA
N5FRAA,N178AA
N7LLAA,N727AN
N4YDAA,N970TW
N4XSAA,N9630A
N4UBAA,N954U
N4XCAA,N9616G
N3DLAA,N978AN
N5FLAA,N176AA
N5FKAA,N175AN
N5FBAA,N192AN
N5FAAA,N191AN
N028AA,N12028
N3DBAA,N969AN
N3AJAA,N909AN
N792AA,N110AN
N3MPAA,N972NN
N3EHAA,N808NN
N3ATAA,N918AN
N3CAAA,N946AN
N3BTAA,N940AN
N3CNAA,N958AN
N3DCAA,N970AN
N3HBAA,N869NN
N7AXAA,N790AN
N7AJAA,N778AN
N7BYAA,N765AN
N7BEAA,N796AN
N7BBAA,N793AN
N7BXAA,N762AN
N7AYAA,N791AN
N7ANAA,N782AN
N7AFAA,N775AN
N7BCAA,N794AN
N7ACAA,N772AN
N7ARAA,N784AN
N7ALAA,N780AN
N7BMAA,N753AN
N7CAAA,N766AN
N7AAAA,N770AN
N3HFAA,N874NN
N3CBAA,N947AN
N3FDAA,N826NN
N3DJAA,N976AN
N3KMAA,N926NN
N3CFAA,N951AA
N3FMAA,N835NN
N3AFAA,N906AN
N3DTAA,N987AN
N3ETAA,N817NN
N3CKAA,N955AN
N3JWAA,N912NN
N783AA,N101NN
N4XHAA,N9621A
N345AA,N345AN
N5DEAA,N687AA
N5EHAA,N676AN
N5DFAA,N688AA
N5EJAA,N677AN
N3KEAA,N919NN
N3BYAA,N945AN
N3FFAA,N829NN
N3HRAA,N882NN
N3EMAA,N812NN
N4WTAA,N9409F
N4YNAA,N979TW
N4XYAA,N966TW
N3AAAA,N901AN
N011AA,N9011P
N014AA,N3014R
N024AA,N90024
N019AA,N9019F
N018AA,N9018E
N025AA,N9025B
N029AA,N9029F
N009AA,N8009T
N022AA,N9022G
N031AA,N8031M
N003AA,N93003
N008AA,N9008U
N004AA,N9004F
N002AA,N9002U
N027AA,N8027D
N017AA,N9017P
N020AA,N70020
N3EYAA,N822NN
N3BLAA,N934AN
N005AA,N4005X
N030AA,N8030F
N007AA,N5007E
N016AA,N9016
N012AA,N9012
N026AA,N9026C
N023AA,N9023N
N4WMAA,N9404V
N032AA,N4032T
N013AA,N9013A
N483AA,N483A
N3AKAA,N910AN
N3GNAA,N858NN
N7LKAA,N726AN
N7LHAA,N724AN
N7LTAA,N733AR
N006AA,N9006
N4WLAA,N9403W
N4XKAA,N9624T
N7AHAA,N777AN
N7BAAA,N792AN
N7CBAA,N767AJ
N7BPAA,N755AN
N5DHAA,N690AA
N001AA,N8001N
N7BVAA,N760AN
N7BLAA,N752AN
N7BWAA,N761AJ
N7ADAA,N773AN
N7BKAA,N751AN
N7BFAA,N797AN
N7AWAA,N789AN
N7AMAA,N781AN
N7BHAA,N799AN
N7AGAA,N776AN
N7LDAA,N720AN
N7LUAA,N734AR
N7LMAA,N728AN
N7LNAA,N729AN
N7LBAA,N718AN
N7LCAA,N719AN
N7LFAA,N722AN
N7LPAA,N730AN
N7LSAA,N732AN
N7LGAA,N723AN
N7LEAA,N721AN
N5ENAA,N181AN
N7AEAA,N774AN
N7AKAA,N779AN
N7BSAA,N757AN
N7BDAA,N795AN
N3AWAA,N921AN
N5CKAA,N662AA
N7LJAA,N725AN
N7ATAA,N786AN
N8ABAA,N801AC
N8AAAA,N800AN
N8AMAA,N811AB
N8ALAA,N810AN
N8AEAA,N804AN
N8AJAA,N808AN
N8AHAA,N807AA
N8AFAA,N805AN
N8ADAA,N803AL
N8ACAA,N802AN
N8AKAA,N809AA
N8AGAA,N806AA
N8ANAA,N812AA
N498SW,N498WN
N7820J,N7820L
N632SW,N277XA
N7BRAA,N756AM
N7CCAA,N768AA
N3NEAA,N985NN
N7LRAA,N731AN
N7BJAA,N750AN
N7BUAA,N759AN
N7LAAA,N717AN
N3NFAA,N986NN
N7BTAA,N758AN
N3BSAA,N939AN
N8APAA,N813AN
N3NVAA,N200NV
N892AA,N160AN
N890AA,N158AN
N897AA,N165NN
N3NUAA,N998NN
N3NPAA,N994NN
N3NHAA,N988NN
N3NSAA,N996NN
N3NWAA,N301NW
N3NTAA,N997NN
N3NNAA,N993NN
N3NGAA,N987NN
N3NJAA,N989NN
N3NXAA,N305NX
N3NRAA,N995NN
N3NKAA,N990NN
N8ATAA,N816AA
N3NMAA,N992NN
N7LVAA,N735AT
N7LWAA,N736AT
N3NLAA,N991NN
N7APAA,N783AN
N8ARAA,N814AA
N8ASAA,N815AA
N650AA,N650AW
N978AA,N978UY
N563AA,N563UW
N982AA,N982VJ
N979AA,N979UY
N927AA,N927UW
N170AA,N170US
N760AA,N760US
N937AA,N937UW
N118AA,N118US
N766AA,N766US
N744AA,N744P
N810AA,N810AW
N837AA,N837AW
N746AA,N746UW
N713AA,N713UW
N740AA,N740UW
N715AA,N715UW
N963AA,N963UW
N958AA,N958UW
N946AA,N946UW
N957AA,N957UW
N8LAAA,N820AL
N8LBAA,N821AN
N8LCAA,N822AN
N301DN,N301DV
N3NYAA,N306NY
PLANET,
N3PBAA,N306PB
N3PAAA,N301PA
N399FR,N399AN
N3PCAA,N309PC
N3PDAA,N314PD
N8LFAA,N825AA
N8AUAA,N817AN
N8LDAA,N823AN
N3PPAA,N344PP
N3PRAA,N346PR
N3PTAA,N354PT
N3PHAA,N335PH
N3PMAA,N342PM
N3PSAA,N352PS
N3PFAA,N316PF
N3PNAA,N343PN
N3PJAA,N337PJ
N3PLAA,N339PL
N3PGAA,N317PG
N3PUAA,N355PU
N8AWAA,N819AN
N3PKAA,N338PK
N3PEAA,N315PE
N8LNAA,N832AA
N3RAAA,N324RA
N3RBAA,N304RB
N8LJAA,N828AA
N8LLAA,N830AN
N8LHAA,N827AN
N8LKAA,N829AN
N8LEAA,N824AN
N8LGAA,N826AN
N8LMAA,N831AA
N8AVAA,N818AL
N3PWAA,N358PW
N3PVAA,N357PV
N3PXAA,N359PX
N8LPAA,N833AA
N434AA,N434AA
N489AA,N489AA
N439AA,N439AA
N468AA,N468AA
N569AA,N569AA
N466AA,N466AA
N501AA,N501AA
N438AA,N438AA
N566AA,N566AA
N499AA,N499AA
N520AA,N7520A
N504AA,N70504
N514AA,N7514A
N471AA,N471AA
N565AA,N565AA
N885AA,N153AN
N877AA,N145AN
N870AA,N138AN
N873AA,N141NN
N883AA,N151AN
N871AA,N139AN
N867AA,N135NN
N882AA,N150NN
N874AA,N142AN
N881AA,N149AN
N872AA,N140AN
N866AA,N134AN
N879AA,N147AA
N884AA,N152AA
N880AA,N148AN
N480AA,N480AA
N564AA,N564AA
N482AA,N482AA
N473AA,N473AA
N502AA,N33502
N477AA,N477AA
N437AA,N437AA
N484AA,N484AA
N403AA,N403A
N486AA,N486AA
N467AA,N467AA
N570AA,N570AA
N479AA,N479AA
N474AA,N474
N850AA,N118NN
N855AA,N123NN
N864AA,N132AN
N862AA,N130AN
N859AA,N127AA
N865AA,N133AN
N861AA,N129AA
N857AA,N125AA
N863AA,N131NN
N858AA,N126AN
N860AA,N128AN
N854AA,N122NN
N856AA,N124AA
N383AA,N383AN
N365AA,N39365
N851AA,N119NN
N387AA,N378CX
N346AA,N346AN
N390AA,N390AA
N353AA,N353AA
N389AA,N389AA
N377AA,N366CM
N384AA,N384AA
N367AA,N225NE
N381AA,N381AN
N393AA,N393AN
N349AA,N349AN
N396AA,N396AN
N399AA,N399AN
N350AA,N350AN
N395AA,N395AN
N391AA,N391AA
N369AA,N369AA
N397AA,N397AN
N373AA,N373AA
N344AA,N344AN
N343AA,N343AN
N379AA,N379AA
N352AA,N352AA
N362AA,N362AA
N356AA,N39356
N388AA,N388AA
N361AA,N361AA
N354AA,N354AA
N869AA,N137AA
N868AA,N136AN
N876AA,N144AN
N487AA,N487AA
N436AA,N436AA
N496AA,N496AA
N472AA,N472AA
N493AA,N493AA
N485AA,N485AA
N796AA,N114NN
N799AA,N117AN
N797AA,N115NN
N793AA,N111ZM
N784AA,N102NN
N513AA,N513AA
N571AA,N571AA
N351AA,N351AA
N785AA,N103NN
N795AA,N113AN
N786AA,N104NN
N791AA,N109NN
N788AA,N106NN
N787AA,N105NN
N794AA,N112AN
N790AA,N108NN
N789AA,N107NN
N798AA,N116AN
N382AA,N399CM
N348AA,N348AN
N469AA,N469AA
N481AA,N481AA
N470AA,N470AA
N375AA,N7375A
N347AA,N347AN
N378AA,N395CM
N488AA,N488AA
N567AA,N567UW
N475AA,N475AA
N494AA,N494AA
N581AA,N581UW
N366AA,N36NE
N394AA,N394AN
N887AA,N155NN
N886AA,N154AA
N380AA,N380AN
N894AA,N162AA
N896AA,N164NN
N989AA,N989AU
N893AA,N161AA
N891AA,N159AN
N987AA,N987AM
N991AA,N991AU
N993AA,N993AN
N889AA,N157AA
N990AA,N990AU
N895AA,N163AA
N898AA,N166NN
N899AA,N167AN
N992AA,N992AU
N986AA,N986AN
N994AA,N994AN
N988AA,N988AL
N888AA,N156AN
N119AA,N119US
N813AA,N813AW
N601AA,N601AW
N662AA,N662AW
N647AA,N647AW
N649AA,N649AW
N653AA,N653AW
N652AA,N652AW
N664AA,N664AW
N673AA,N673AW
N660AA,N660AW
N667AA,N667AW
N661AA,N661AW
N659AA,N659AW
N657AA,N657AW
N665AA,N665AW
N651AA,N651AW
N680AA,N680AW
N668AA,N668AW
N819AA,N819AW
N655AA,N655AW
N656AA,N656AW
N654AA,N654AW
N679AA,N679AW
N829AA,N829AW
N669AA,N669AW
N122AA,N122US
N839AA,N839AW
N838AA,N838AW
N748AA,N748UW
N587AA,N587UW
N763AA,N763US
N752AA,N752US
N917AA,N917UY
N150AA,N150UW
N975AA,N975UY
N108AA,N108UW
N112AA,N112US
N110AA,N110UW
N507AA,N507AY
N836AA,N836AW
N915AA,N915US
N535AA,N535UW
N185AA,N185UW
N554AA,N554UW
N971AA,N971UY
N196AA,N196UW
N542AA,N542UW
N559AA,N559UW
N972AA,N972UY
N551AA,N551UW
N980AA,N980UY
N924AA,N924US
N199AA,N199UW
N198AA,N198UW
N519AA,N519UW
N188AA,N188US
N534AA,N534UW
N977AA,N977UY
N536AA,N536UW
N974AA,N974UY
N913AA,N913US
N157AA,N157UW
N169AA,N169UW
N165AA,N165US
N552AA,N552UW
N195AA,N195UW
N922AA,N922US
N173AA,N173US
N572AA,N572UW
N583AA,N583UW
N923AA,N923US
N926AA,N926UW
N575AA,N575UW
N509AA,N509AY
N976AA,N976UY
N568AA,N568UW
N179AA,N179UW
N544AA,N544UW
N553AA,N553UW
N190AA,N190UW
N192AA,N192UW
N181AA,N181UW
N539AA,N539UW
N970AA,N970UY
N177AA,N177US
N174AA,N174US
N538AA,N538UW
N172AA,N172US
N973AA,N973UY
N182AA,N182UW
N730AA,N730US
N747AA,N747UW
N711AA,N711UW
N750AA,N750UW
N724AA,N724UW
N708AA,N708UW
N723AA,N723UW
N757AA,N757UW
N701AA,N701UW
N197AA,N197UW
N183AA,N183UW
N191AA,N191UW
N176AA,N176UW
N586AA,N586UW
N557AA,N557UW
N155AA,N155UW
N152AA,N152UW
N187AA,N187US
N189AA,N189UW
N162AA,N162UW
N580AA,N580UW
N920AA,N920US
N510AA,N510UW
N549AA,N549UW
N546AA,N546UW
N508AA,N508AY
N561AA,N561UW
N585AA,N585UW
N184AA,N184US
N161AA,N161UW
N576AA,N576UW
N562AA,N562UW
N604AA,N604AW
N981AA,N981UY
N153AA,N153UW
N521AA,N521UW
N919AA,N919US
N918AA,N918US
N916AA,N916US
N573AA,N573UW
N912AA,N912UY
N154AA,N154UW
N523AA,N523UW
N171AA,N171US
N193AA,N193UW
N156AA,N156UW
N186AA,N186US
N558AA,N558UW
N925AA,N925UY
N543AA,N543UW
N151AA,N151UW
N914AA,N914UY
N167AA,N167US
N560AA,N560UW
N578AA,N578UW
N579AA,N579UW
N556AA,N556UW
N163AA,N163US
N830AA,N830AW
N840AA,N840AW
N802AA,N802AW
N751AA,N751UW
N805AA,N805AW
N769AA,N769US
N803AA,N803AW
N815AA,N815AW
N765AA,N765US
N820AA,N820AW
N814AA,N814AW
N768AA,N768US
N835AA,N835AW
N812AA,N812AW
N755AA,N755US
N804AA,N804AW
N124AA,N124US
N545AA,N545UW
N194AA,N194UW
N178AA,N178US
N537AA,N537UW
N584AA,N584UW
N540AA,N540UW
N833AA,N833AW
N663AA,N663AW
N749AA,N749US
N582AA,N582UW
N180AA,N180US
N205AA,N205UW
N204AA,N204UW
N203AA,N203UW
N206AA,N206UW
N921AA,N921US
N114AA,N114UW
N806AA,N806AW
N822AA,N822AW
N767AA,N767UW
N817AA,N817AW
N818AA,N818AW
N827AA,N827AW
N754AA,N754UW
N758AA,N758US
N828AA,N828AW
N809AA,N809AW
N834AA,N834AW
N756AA,N756US
N770AA,N770UW
N742AA,N742PS
N762AA,N762US
N128AA,N128UW
N808AA,N808AW
N807AA,N807AW
N104AA,N104UW
N823AA,N823AW
N825AA,N825AW
N821AA,N821AW
N745AA,N745VJ
N824AA,N824AW
N282AA,N282AY
N938AA,N938UW
N801AA,N801AW
N826AA,N826AW
N832AA,N832AW
N202AA,N202UW
N831AA,N831AW
N753AA,N753US
N123AA,N123UW
N117AA,N117UW
N111AA,N111US
N127AA,N127UW
N705AA,N705UW
N700AA,N700UW
N908AA,N908AA
N939AA,N939UW
N702AA,N702UW
N103AA,N103US
N816AA,N816AW
N524AA,N524UW
N284AA,N284AY
N107AA,N107US
N102AA,N102UW
N109AA,N109UW
N200AA,N200UU
N951AA,N951UW
N721AA,N721UW
N717AA,N717UW
N293AA,N293AY
N126AA,N126UW
N714AA,N714US
N965AA,N965UW
N703AA,N703UW
N722AA,N722US
N704AA,N704US
N741AA,N741UW
N725AA,N725UW
N732AA,N732US
N709AA,N709UW
N737AA,N737US
N738AA,N738US
N716AA,N716UW
N733AA,N733UW
N710AA,N710UW
N764AA,N764US
N125AA,N125UW
N121AA,N121UW
N712AA,N712US
N953AA,N953UW
N959AA,N959UW
N955AA,N955UW
N947AA,N947UW
N949AA,N949UW
N944AA,N944UW
N967AA,N967UW
N950AA,N950UW
N945AA,N945UW
N961AA,N961UW
N948AA,N948UW
N954AA,N954UW
N201AA,N201UU
N279AA,N279AY
N274AA,N274AY
N276AA,N276AY
N287AA,N287AY
N283AA,N283AY
N280AA,N280AY
N286AA,N286AY
N292AA,N292AY
N290AA,N290AY
N278AA,N278AY
N273AA,N273AY
N285AA,N285AY
N952AA,N952UW
N956AA,N956UW
N281AA,N281AY
N291AA,N291AY
N289AA,N289AY
N995AA,N995AN
N658AA,N658AW
N105AA,N105UW
N207AA,N207UW
N272AA,N272AY
N288AA,N288AY
N277AA,N277AY
N275AA,N275AY
N271AA,N271AY
N270AA,N270AY
N996AA,N996AN
N998AA,N998AN
N929AA,N929AA
N997AA,N997AA
N931AA,N931AM
N905AA,N905AU
N934AA,N934AA
N901AA,N901AA
N930AA,N930AU
N903AA,N903AA
N907AA,N907AA
N928AA,N928AM
N900AA,N900UW
N909AA,N909AM
N933AA,N933AM
N906AA,N906AA
N910AA,N910AU
N932AA,N932AM
N904AA,N904AA
N902AA,N902AA
N376AA,N376AN
N966JB,N966JT
N968JB,N968JT
N967JB,N967JT
N985JB,N985JT
N988JB,N988JT
N944JB,N944JT
N981JB,N981JT
N945JB,N945JT
N987JB,N987JT
N989JB,N989JT
N492SW,N492SW
N416SW,N416SW
N949JB,N949JT
N12921,N67VA
N555AA,N555AN
N962JB,N962JT
N983JB,N983JT
N990JB,N990JL
N59034,N2534U
N508JB,N508JL
N969JB,N969JT
N972JB,N972JT
N976JB,N976JT
N950JB,N950JT
N961JB,N961JT
N935AA,N935UW
N980JB,N980JT
N16918,N70VA
N946JB,N946JL
N550AA,N7550
N936AA,N936UW
N528AA,N7528A
N13914,N87VA
N971JB,N971JT
N979JB,N979JT
N425AA,N70425
N965JB,N965JT
N878DA,N878DN
N974JB,N974JT
N537JB,N537JT
N548AA,N7548A
N942AA,N942UW
N941AA,N941UW
N940AA,N940UW
N975JB,N975JT
N547AA,N7547A
N964JB,N964JT
N956JB,N956JT
N227AG,N83EA
N678AA,N678AW
N675AA,N675AW
N528JB,PR-MBX
