old_tail_num,new_tail_num
N001AA,N8001N
N002AA,N9002U
N003AA,N93003
N004AA,N9004F
N005AA,N4005X
N006AA,N9006
N007AA,N5007E
N008AA,N9008U
N009AA,N8009T
N010AA,N9010R
N011AA,N9011P
N012AA,N9012
N013AA,N3013A
N014AA,N3014R
N015AA,N9015D
N016AA,N9016
N017AA,N9017P
N018AA,N9018E
N019AA,N9019F
N020AA,N70020
N021AA,N9021H
N022AA,N9022G
N023AA,N9023N
N024AA,N90024
N025AA,N9025B
N026AA,N9026C
N027AA,N8027D
N028AA,N12028
N029AA,N9029F
N030AA,N8030F
N031AA,N8031M
N032AA,N4032T
N102AA,N102UW
N103AA,N103US
N104AA,N104UW
N105AA,N105UW
N107AA,N107US
N108AA,N108UW
N109AA,N109UW
N110AA,N110UW
N111AA,N111US
N112AA,N112US
N114AA,N114UW
N117AA,N117UW
N118AA,N118US
N119AA,N119US
N121AA,N121UW
N122AA,N122US
N123AA,N123UW
N124AA,N124US
N125AA,N125UW
N126AA,N126UW
N127AA,N127UW
N128AA,N128UW
N150AA,N150UW
N151AA,N151UW
N152AA,N152UW
N153AA,N153UW
N154AA,N154UW
N155AA,N155UW
N156AA,N156UW
N157AA,N157UW
N161AA,N161UW
N162AA,N162UW
N163AA,N163US
N165AA,N165US
N167AA,N167US
N169AA,N169UW
N170AA,N170US
N171AA,N171US
N172AA,N172US
N173AA,N173US
N174AA,N174US
N176AA,N176UW
N177AA,N177US
N178AA,N178US
N179AA,N179UW
N180AA,N180US
N181AA,N181UW
N182AA,N182UW
N183AA,N183UW
N184AA,N184US
N185AA,N185UW
N186AA,N186US
N187AA,N187US
N188AA,N188US
N189AA,N189UW
N190AA,N190UW
N191AA,N191UW
N192AA,N192UW
N193AA,N193UW
N194AA,N194UW
N195AA,N195UW
N196AA,N196UW
N197AA,N197UW
N198AA,N198UW
N199AA,N199UW
N200AA,N200UU
N201AA,N201UU
N202AA,N202UW
N203AA,N203UW
N204AA,N204UW
N205AA,N205UW
N206AA,N206UW
N207AA,N207UW
N270AA,N270AY
N271AA,N271AY
N272AA,N272AY
N273AA,N273AY
N274AA,N274AY
N275AA,N275AY
N276AA,N276AY
N277AA,N277AY
N278AA,N278AY
N279AA,N279AY
N280AA,N280AY
N281AA,N281AY
N282AA,N282AY
N283AA,N283AY
N284AA,N284AY
N285AA,N285AY
N286AA,N286AY
N287AA,N287AY
N288AA,N288AY
N289AA,N289AY
N290AA,N290AY
N291AA,N291AY
N292AA,N292AY
N293AA,N293AY
N342AA,N342AN
N343AA,N343AN
N344AA,N344AN
N346AA,N346AN
N347AA,N347AN
N348AA,N348AN
N349AA,N349AN
N350AA,N350AN
N379AA,N379AA
N381AA,N381AN
N384AA,N384AA
N385AA,N385AM
N388AA,N388AA
N389AA,N389AA
N390AA,N390AA
N391AA,N391AA
N392AA,N392AN
N393AA,N393AN
N394AA,N394AN
N395AA,N395AN
N396AA,N396AN
N397AA,N397AN
N398AA,N398AN
N399AA,N399AN
N3AAAA,N901AN
N3ABAA,N902AN
N3ACAA,N903AN
N3ADAA,N904AN
N3AEAA,N905AN
N3AFAA,N906AN
N3AGAA,N907AN
N3AHAA,N908AN
N3AJAA,N909AN
N3AKAA,N910AN
N3ALAA,N912AN
N3AMAA,N913AN
N3ANAA,N914AN
N3APAA,N915AN
N3ARAA,N916AN
N3ASAA,N917AN
N3ATAA,N918AN
N3AUAA,N919AN
N3AVAA,N920AN
N3AWAA,N921AN
N3AXAA,N922AN
N3AYAA,N923AN
N3BAAA,N924AN
N3BBAA,N925AN
N3BCAA,N926AN
N3BDAA,N927AN
N3BEAA,N928AN
N3BFAA,N929AN
N3BGAA,N930AN
N3BHAA,N931AN
N3BJAA,N932AN
N3BKAA,N933AN
N3BLAA,N934AN
N3BMAA,N935AN
N3BNAA,N936AN
N3BPAA,N937AN
N3BRAA,N938AN
N3BSAA,N939AN
N3BTAA,N940AN
N3BUAA,N941AN
N3BVAA,N942AN
N3BWAA,N943AN
N3BXAA,N944AN
N3BYAA,N945AN
N3CAAA,N946AN
N3CBAA,N947AN
N3CCAA,N948AN
N3CDAA,N949AN
N3CEAA,N950AN
N3CFAA,N951AA
N3CGAA,N952AA
N3CHAA,N953AN
N3CJAA,N954AN
N3CKAA,N955AN
N3CLAA,N956AN
N3CMAA,N957AN
N3CNAA,N958AN
N3CPAA,N959AN
N3CRAA,N960AN
N3CSAA,N961AN
N3CTAA,N962AN
N3CUAA,N963AN
N3CVAA,N964AN
N3CWAA,N965AN
N3CXAA,N966AN
N3CYAA,N967AN
N3DAAA,N968AN
N3DBAA,N969AN
N3DCAA,N970AN
N3DDAA,N971AN
N3DEAA,N972AN
N3DFAA,N973AN
N3DGAA,N974AN
N3DHAA,N975AN
N3DJAA,N976AN
N3DLAA,N978AN
N3DMAA,N979AN
N3DNAA,N980AN
N3DPAA,N981AN
N3DRAA,N982AN
N3DSAA,N983AN
N3DTAA,N987AN
N3DUAA,N989AN
N3DVAA,N990AN
N3DWAA,N991AN
N3DXAA,N992AN
N3DYAA,N800NN
N3EAAA,N801NN
N3EBAA,N802NN
N3ECAA,N803NN
N3EDAA,N804NN
N3EEAA,N805NN
N3EFAA,N806NN
N3EGAA,N807NN
N3EHAA,N808NN
N3EJAA,N809NN
N3EKAA,N810NN
N3ELAA,N811NN
N3EMAA,N812NN
N3ENAA,N813NN
N3EPAA,N814NN
N3ERAA,N815NN
N3ESAA,N816NN
N3ETAA,N817NN
N3EUAA,N818NN
N3EVAA,N819NN
N3EWAA,N820NN
N3EXAA,N821NN
N3EYAA,N822NN
N3FAAA,N823NN
N3FBAA,N824NN
N3FCAA,N825NN
N3FDAA,N826NN
N3FEAA,N827NN
N3FFAA,N829NN
N3FGAA,N830NN
N3FHAA,N831NN
N3FJAA,N832NN
N3FKAA,N833NN
N3FLAA,N834NN
N3FMAA,N835NN
N3FNAA,N836NN
N3FPAA,N837NN
N3FRAA,N838NN
N3FSAA,N839NN
N3FTAA,N840NN
N3FUAA,N841NN
N3FVAA,N842NN
N3FWAA,N843NN
N3FXAA,N844NN
N3FYAA,N845NN
N3GAAA,N846NN
N3GBAA,N847NN
N3GCAA,N848NN
N3GDAA,N849NN
N3GEAA,N850NN
N3GFAA,N851NN
N3GGAA,N852NN
N3GHAA,N853NN
N3GJAA,N854NN
N3GKAA,N855NN
N3GLAA,N856NN
N3GMAA,N857NN
N3GNAA,N858NN
N3GPAA,N859NN
N3GRAA,N860NN
N3GSAA,N861NN
N3GTAA,N862NN
N3GUAA,N863NN
N3GVAA,N864NN
N3GWAA,N865NN
N3GXAA,N866NN
N3GYAA,N867NN
N3HAAA,N868NN
N3HBAA,N869NN
N3HCAA,N871NN
N3HDAA,N872NN
N3HEAA,N870NN
N3HFAA,N874NN
N3HGAA,N873NN
N3HHAA,N875NN
N3HJAA,N876NN
N3HKAA,N877NN
N3HLAA,N878NN
N3HMAA,N879NN
N3HNAA,N880NN
N3HPAA,N881NN
N3HRAA,N882NN
N3HSAA,N883NN
N3HTAA,N884NN
N3HUAA,N885NN
N3HVAA,N886NN
N3HWAA,N887NN
N3HXAA,N889NN
N3HYAA,N890NN
N3JAAA,N891NN
N3JBAA,N892NN
N3JCAA,N893NN
N3JDAA,N894NN
N3JEAA,N895NN
N3JFAA,N896NN
N3JGAA,N897NN
N3JHAA,N898NN
N3JJAA,N899NN
N3JKAA,N901NN
N3JLAA,N902NN
N3JMAA,N903NN
N3JNAA,N904NN
N3JPAA,N905NN
N3JRAA,N906NN
N3JSAA,N907NN
N3JTAA,N908NN
N3JUAA,N909NN
N3JVAA,N910NN
N3JWAA,N912NN
N3JXAA,N913NN
N3JYAA,N914NN
N3KAAA,N915NN
N3KBAA,N916NN
N3KCAA,N917NN
N3KDAA,N918NN
N3KEAA,N919NN
N3KFAA,N920NN
N3KGAA,N921NN
N3KHAA,N922NN
N3KJAA,N923NN
N3KKAA,N924NN
N3KLAA,N925NN
N3KMAA,N926NN
N3KNAA,N927NN
N3KPAA,N928NN
N3KRAA,N929NN
N3KSAA,N930NN
N3KTAA,N931NN
N3KUAA,N932NN
N3KVAA,N933NN
N3KWAA,N934NN
N3KXAA,N935NN
N3KYAA,N936NN
N3LAAA,N937NN
N3LBAA,N938NN
N3LCAA,N939NN
N3LDAA,N940NN
N3LEAA,N941NN
N3LFAA,N942NN
N3LGAA,N943NN
N3LHAA,N944NN
N3LJAA,N945NN
N3LKAA,N946NN
N3LLAA,N947NN
N3LMAA,N948NN
N3LNAA,N949NN
N3LPAA,N950NN
N3LRAA,N951NN
N3LSAA,N952NN
N3LTAA,N953NN
N3LUAA,N954NN
N3LVAA,N955NN
N3LWAA,N956NN
N3LXAA,N957NN
N3LYAA,N958NN
N3MAAA,N959NN
N3MBAA,N960NN
N3MCAA,N961NN
N3MDAA,N962NN
N3MEAA,N963NN
N3MFAA,N964NN
N3MGAA,N965NN
N3MHAA,N966NN
N3MJAA,N967NN
N3MKAA,N968NN
N3MLAA,N969NN
N3MMAA,N970NN
N3MNAA,N971NN
N3MPAA,N972NN
N3MRAA,N973NN
N3MUAA,N976NN
N3MVAA,N977NN
N3MWAA,N978NN
N3MXAA,N979NN
N3MYAA,N980NN
N3NAAA,N981NN
N3NBAA,N982NN
N3NCAA,N983NN
N3NDAA,N984NN
N3NEAA,N985NN
N3NFAA,N986NN
N3NGAA,N987NN
N3NHAA,N988NN
N3NJAA,N989NN
N3NKAA,N990NN
N3NLAA,N991NN
N3NMAA,N992NN
N3NNAA,N993NN
N3NPAA,N994NN
N3NRAA,N995NN
N3NSAA,N996NN
N3NTAA,N997NN
N3NUAA,N998NN
N3NVAA,N200NV
N3NWAA,N301NW
N3NXAA,N305NX
N3NYAA,N306NY
N3PAAA,N301PA
N3PBAA,N306PB
N3PCAA,N309PC
N3PDAA,N314PD
N3PEAA,N315PE
N3PFAA,N316PF
N3PGAA,N317PG
N3PHAA,N335PH
N3PJAA,N337PJ
N3PKAA,N338PK
N3PLAA,N339PL
N3PMAA,N342PM
N3PNAA,N343PN
N3PPAA,N344PP
N3PRAA,N346PR
N3PSAA,N352PS
N3PTAA,N354PT
N3PUAA,N355PU
N3PVAA,N357PV
N3PWAA,N358PW
N3PXAA,N359PX
N3RAAA,N324RA
N3RBAA,N304RB
N3RCAA,N306RC
N3RDAA,N308RD
N3REAA,N303RE
N3RFAA,N310RF
N3RGAA,N303RG
N3RHAA,N314RH
N3RJAA,N315RJ
N3RKAA,N316RK
N3RLAA,N321RL
N3RMAA,N323RM
N3RNAA,N324RN
N3RPAA,N326RP
N4XBAA,N9615W
N4XCAA,N9616G
N4XDAA,N9617R
N4XEAA,N9618A
N4XFAA,N9619V
N4XGAA,N9620D
N4XHAA,N9621A
N4XJAA,N9622A
N4XKAA,N9624T
N4XLAA,N9625W
N4XMAA,N9626F
N4XPAA,N9628W
N4XRAA,N9629H
N4XSAA,N9630A
N4XTAA,N961TW
N4XUAA,N962TW
N4XVAA,N963TW
N4XWAA,N964TW
N4XXAA,N965TW
N4XYAA,N966TW
N4YCAA,N969TW
N4YDAA,N970TW
N4YEAA,N971TW
N4YFAA,N972TW
N4YLAA,N9677W
N4YNAA,N979TW
N4YPAA,N980TW
N4YRAA,N9681B
N4YSAA,N982TW
N4YTAA,N983TW
N4YUAA,N984TW
N501AA,N501AA
N507AA,N507AY
N508AA,N508AY
N509AA,N509AY
N510AA,N510UW
N519AA,N519UW
N521AA,N521UW
N523AA,N523UW
N524AA,N524UW
N534AA,N534UW
N535AA,N535UW
N536AA,N536UW
N537AA,N537UW
N538AA,N538UW
N539AA,N539UW
N540AA,N540UW
N541AA,N7541A
N542AA,N542UW
N543AA,N543UW
N544AA,N544UW
N545AA,N545UW
N546AA,N546UW
N549AA,N549UW
N551AA,N551UW
N552AA,N552UW
N553AA,N553UW
N554AA,N554UW
N556AA,N556UW
N557AA,N557UW
N558AA,N558UW
N559AA,N559UW
N560AA,N560UW
N561AA,N561UW
N562AA,N562UW
N563AA,N563UW
N567AA,N567UW
N568AA,N568UW
N572AA,N572UW
N573AA,N573UW
N575AA,N575UW
N576AA,N576UW
N578AA,N578UW
N579AA,N579UW
N580AA,N580UW
N581AA,N581UW
N582AA,N582UW
N583AA,N583UW
N584AA,N584UW
N585AA,N585UW
N586AA,N586UW
N587AA,N587UW
N5DJAA,N691AA
N5DKAA,N692AA
N5ERAA,N183AN
N5ESAA,N184AN
N5ETAA,N185AN
N5EUAA,N186AN
N5EVAA,N187AN
N5EWAA,N188AN
N5EXAA,N189AN
N5EYAA,N190AA
N5FAAA,N191AN
N5FBAA,N192AN
N5FCAA,N193AN
N5FDAA,N194AA
N5FEAA,N195AN
N5FFAA,N196AA
N5FGAA,N197AN
N5FHAA,N198AA
N5FJAA,N199AN
N5FKAA,N175AN
N5FLAA,N176AA
N5FMAA,N177AN
N5FSAA,N173AN
N5FTAA,N172AJ
N601AA,N601AW
N604AA,N604AW
N647AA,N647AW
N649AA,N649AW
N650AA,N650AW
N651AA,N651AW
N652AA,N652AW
N653AA,N653AW
N654AA,N654AW
N655AA,N655AW
N656AA,N656AW
N657AA,N657AW
N658AA,N658AW
N659AA,N659AW
N660AA,N660AW
N661AA,N661AW
N662AA,N662AW
N663AA,N663AW
N664AA,N664AW
N665AA,N665AW
N667AA,N667AW
N668AA,N668AW
N669AA,N669AW
N673AA,N673AW
N679AA,N679AW
N680AA,N680AW
N700AA,N700UW
N701AA,N701UW
N702AA,N702UW
N703AA,N703UW
N704AA,N704US
N705AA,N705UW
N708AA,N708UW
N709AA,N709UW
N710AA,N710UW
N711AA,N711UW
N712AA,N712US
N713AA,N713UW
N714AA,N714US
N715AA,N715UW
N716AA,N716UW
N717AA,N717UW
N721AA,N721UW
N722AA,N722US
N723AA,N723UW
N724AA,N724UW
N725AA,N725UW
N730AA,N730US
N732AA,N732US
N733AA,N733UW
N737AA,N737US
N738AA,N738US
N740AA,N740UW
N741AA,N741UW
N742AA,N742PS
N744AA,N744P
N745AA,N745VJ
N746AA,N746UW
N747AA,N747UW
N748AA,N748UW
N749AA,N749US
N750AA,N750UW
N751AA,N751UW
N752AA,N752US
N753AA,N753US
N754AA,N754UW
N755AA,N755US
N756AA,N756US
N757AA,N757UW
N758AA,N758US
N760AA,N760US
N762AA,N762US
N763AA,N763US
N764AA,N764US
N765AA,N765US
N766AA,N766US
N767AA,N767UW
N768AA,N768US
N769AA,N769US
N770AA,N770UW
N783AA,N101NN
N784AA,N102NN
N785AA,N103NN
N786AA,N104NN
N787AA,N105NN
N788AA,N106NN
N789AA,N107NN
N790AA,N108NN
N791AA,N109NN
N792AA,N110AN
N793AA,N111ZM
N794AA,N112AN
N795AA,N113AN
N796AA,N114NN
N797AA,N115NN
N798AA,N116AN
N799AA,N117AN
N7AAAA,N770AN
N7ABAA,N771AN
N7ACAA,N772AN
N7ADAA,N773AN
N7AEAA,N774AN
N7AFAA,N775AN
N7AGAA,N776AN
N7AHAA,N777AN
N7AJAA,N778AN
N7AKAA,N779AN
N7ALAA,N780AN
N7AMAA,N781AN
N7ANAA,N782AN
N7APAA,N783AN
N7ARAA,N784AN
N7ASAA,N785AN
N7ATAA,N786AN
N7AUAA,N787AL
N7AVAA,N788AN
N7AWAA,N789AN
N7AXAA,N790AN
N7AYAA,N791AN
N7BAAA,N792AN
N7BBAA,N793AN
N7BCAA,N794AN
N7BDAA,N795AN
N7BEAA,N796AN
N7BFAA,N797AN
N7BGAA,N798AN
N7BHAA,N799AN
N7BJAA,N750AN
N7BKAA,N751AN
N7BLAA,N752AN
N7BMAA,N753AN
N7BNAA,N754AN
N7BPAA,N755AN
N7BRAA,N756AM
N7BSAA,N757AN
N7BTAA,N758AN
N7BUAA,N759AN
N7BVAA,N760AN
N7BWAA,N761AJ
N7BXAA,N762AN
N7BYAA,N765AN
N7CAAA,N766AN
N7CBAA,N767AJ
N7CCAA,N768AA
N7LAAA,N717AN
N7LBAA,N718AN
N7LCAA,N719AN
N7LDAA,N720AN
N7LEAA,N721AN
N7LFAA,N722AN
N7LGAA,N723AN
N7LHAA,N724AN
N7LJAA,N725AN
N7LKAA,N726AN
N7LLAA,N727AN
N7LMAA,N728AN
N7LNAA,N729AN
N7LPAA,N730AN
N7LRAA,N731AN
N7LSAA,N732AN
N7LTAA,N733AR
N7LUAA,N734AR
N7LVAA,N735AT
N7LWAA,N736AT
N801AA,N801AW
N802AA,N802AW
N803AA,N803AW
N804AA,N804AW
N805AA,N805AW
N806AA,N806AW
N807AA,N807AW
N808AA,N808AW
N809AA,N809AW
N810AA,N810AW
N812AA,N812AW
N813AA,N813AW
N814AA,N814AW
N815AA,N815AW
N816AA,N816AW
N817AA,N817AW
N818AA,N818AW
N819AA,N819AW
N820AA,N820AW
N821AA,N821AW
N822AA,N822AW
N823AA,N823AW
N824AA,N824AW
N825AA,N825AW
N826AA,N826AW
N827AA,N827AW
N828AA,N828AW
N829AA,N829AW
N830AA,N830AW
N831AA,N831AW
N832AA,N832AW
N833AA,N833AW
N834AA,N834AW
N835AA,N835AW
N836AA,N836AW
N837AA,N837AW
N838AA,N838AW
N839AA,N839AW
N840AA,N840AW
N850AA,N118NN
N851AA,N119NN
N852AA,N120EE
N853AA,N121AN
N854AA,N122NN
N855AA,N123NN
N856AA,N124AA
N857AA,N125AA
N858AA,N126AN
N859AA,N127AA
N860AA,N128AN
N861AA,N129AA
N862AA,N130AN
N863AA,N131NN
N864AA,N132AN
N865AA,N133AN
N866AA,N134AN
N867AA,N135NN
N868AA,N136AN
N869AA,N137AA
N870AA,N138AN
N871AA,N139AN
N872AA,N140AN
N873AA,N141NN
N874AA,N142AN
N875AA,N143AN
N876AA,N144AN
N877AA,N145AN
N878AA,N146AA
N879AA,N147AA
N880AA,N148AN
N881AA,N149AN
N882AA,N150NN
N883AA,N151AN
N884AA,N152AA
N885AA,N153AN
N886AA,N154AN
N887AA,N155NN
N888AA,N156AN
N889AA,N157AA
N890AA,N158AN
N891AA,N159AN
N892AA,N160AN
N893AA,N161AA
N894AA,N162AA
N895AA,N163AA
N896AA,N164NN
N897AA,N165NN
N898AA,N166NN
N899AA,N167AN
N8AAAA,N800AN
N8ABAA,N801AC
N8ACAA,N802AN
N8ADAA,N803AL
N8AEAA,N804AN
N8AFAA,N805AN
N8AGAA,N806AA
N8AHAA,N807AA
N8AJAA,N808AN
N8AKAA,N809AA
N8ALAA,N810AN
N8AMAA,N811AB
N8ANAA,N812AA
N8APAA,N813AN
N8ARAA,N814AA
N8ASAA,N815AA
N8ATAA,N816AA
N8AUAA,N817AN
N8AVAA,N818AL
N8AWAA,N819AN
N8LAAA,N820AL
N8LBAA,N821AN
N8LCAA,N822AN
N8LDAA,N823AN
N8LEAA,N824AN
N8LFAA,N825AA
N8LGAA,N826AN
N8LHAA,N827AN
N8LJAA,N828AA
N8LKAA,N829AN
N8LLAA,N830AN
N8LMAA,N831AA
N8LNAA,N832AA
N8LPAA,N833AA
N8LRAA,N834AA
N8LSAA,N835AN
N8LTAA,N836AA
N8LUAA,N837AN
N900AA,N900UW
N901AA,N901AA
N902AA,N902AA
N903AA,N903AA
N904AA,N904AA
N905AA,N905AU
N906AA,N906AA
N907AA,N907AA
N908AA,N908AA
N909AA,N909AM
N910AA,N910AU
N912AA,N912UY
N913AA,N913US
N914AA,N914UY
N915AA,N915US
N916AA,N916US
N917AA,N917UY
N918AA,N918US
N919AA,N919US
N920AA,N920US
N921AA,N921US
N922AA,N922US
N923AA,N923US
N924AA,N924US
N925AA,N925UY
N926AA,N926UW
N927AA,N927UW
N928AA,N928AM
N929AA,N929AA
N930AA,N930AU
N931AA,N931AM
N932AA,N932AM
N933AA,N933AM
N934AA,N934AA
N938AA,N938UW
N939AA,N939UW
N944AA,N944UW
N945AA,N945UW
N946AA,N946UW
N947AA,N947UW
N948AA,N948UW
N949AA,N949UW
N950AA,N950UW
N951AA,N951UW
N952AA,N952UW
N953AA,N953UW
N954AA,N954UW
N955AA,N955UW
N956AA,N956UW
N957AA,N957UW
N958AA,N958UW
N959AA,N959UW
N961AA,N961UW
N963AA,N963UW
N965AA,N965UW
N967AA,N967UW
N970AA,N970UY
N971AA,N971UY
N972AA,N972UY
N973AA,N973UY
N974AA,N974UY
N975AA,N975UY
N976AA,N976UY
N977AA,N977UY
N978AA,N978UY
N979AA,N979UY
N980AA,N980UY
N981AA,N981UY
N982AA,N982VJ
N986AA,N986AN
N987AA,N987AM
N988AA,N988AL
N989AA,N989AU
N990AA,N990AU
N991AA,N991AU
N992AA,N992AU
N993AA,N993AN
N994AA,N994AN
N995AA,N995AN
N996AA,N996AN
N997AA,N997AA
N998AA,N998AN
