old_tail_num,new_tail_num
N801US,N801AW
N700US,N700UW
N701US,N701UW
N702US,N702UW
N703US,N703UW
N802US,N802AW
N704US,N704US
N705US,N705UW
N803US,N803AW
N708US,N708UW
N709US,N709UW
N710US,N710UW
N713US,N713UW
N711US,N711UW
N712US,N712US
N714US,N714US
N804US,N804AW
N715US,N715UW
N716US,N716UW
N805US,N805AW
N806US,N806AW
N807US,N807AW
N717US,N717UW
N808US,N808AW
N721US,N721UW
N722US,N722US
N809US,N809AW
N723US,N723UW
N810US,N810AW
N724US,N724UW
N725US,N725UW
N812US,N812AW
N730US,N730US
N733US,N733UW
N732US,N732US
N813US,N813AW
N737US,N737US
N738US,N738US
N740US,N740UW
N741US,N741UW
N814US,N814AW
N742US,N742PS
N744US,N744P
N745US,N745VJ
N746US,N746UW
N747US,N747UW
N749US,N749US
N750US,N750UW
N748US,N748UW
N751US,N751UW
N752US,N752US
N815US,N815AW
N753US,N753US
N754US,N754UW
N756US,N756US
N757US,N757UW
N755US,N755US
N758US,N758US
N816US,N816AW
N760US,N760US
N764US,N764US
N765US,N765US
N817US,N817AW
N762US,N762US
N818US,N818AW
N763US,N763US
N766US,N766US
N767US,N767UW
N768US,N768US
N769US,N769US
N770US,N770UW
N819US,N819AW
N820US,N820AW
N821US,N821AW
N822US,N822AW
N823US,N823AW
N824US,N824AW
N825US,N825AW
N826US,N826AW
N827US,N827AW
N828US,N828AW
N829US,N829AW
N830US,N830AW
N831US,N831AW
N832US,N832AW
N833US,N833AW
N834US,N834AW
N835US,N835AW
N836US,N836AW
N837US,N837AW
N838US,N838AW
N839US,N839AW
N840US,N840AW
N001AA,N8001N
N002AA,N9002U
N003AA,N93003
N004AA,N9004F
N005AA,N4005X
N006AA,N9006
N007AA,N5007E
N008AA,N9008U
N009AA,N8009T
N010AA,N9010R
N011AA,N9011P
N012AA,N9012
N013AA,N3013A
N014AA,N3014R
N015AA,N9015D
N016AA,N9016
N017AA,N9017P
N019AA,N9019F
N018AA,N9018E
N020AA,N70020
N021AA,N9021H
N022AA,N9022G
N023AA,N9023N
N024AA,N90024
N025AA,N9025B
N026AA,N9026C
N027AA,N8027D
N028AA,N12028
N029AA,N9029F
N030AA,N8030F
N031AA,N8031M
N032AA,N4032T
N102US,N102UW
N103US,N103US
N104US,N104UW
N105US,N105UW
N107US,N107US
N108US,N108UW
N109US,N109UW
N110US,N110UW
N111US,N111US
N112US,N112US
N114US,N114UW
N117US,N117UW
N118US,N118US
N119US,N119US
N121US,N121UW
N122US,N122US
N123US,N123UW
N124US,N124US
N125US,N125UW
N126US,N126UW
N127US,N127UW
N128US,N128UW
N601US,N601AW
N604US,N604AW
N647US,N647AW
N649US,N649AW
N650US,N650AW
N651US,N651AW
N652US,N652AW
N653US,N653AW
N654US,N654AW
N655US,N655AW
N656US,N656AW
N657US,N657AW
N658US,N658AW
N659US,N659AW
N660US,N660AW
N661US,N661AW
N662US,N662AW
N663US,N663AW
N664US,N664AW
N665US,N665AW
N667US,N667AW
N668US,N668AW
N669US,N669AW
N673US,N673AW
N679US,N679AW
N680US,N680AW
N161US,N161UW
N165US,N165US
N162US,N162UW
N189US,N189UW
N167US,N167US
N163US,N163US
N190US,N190UW
N169US,N169UW
N191US,N191UW
N171US,N171US
N172US,N172US
N173US,N173US
N174US,N174US
N176US,N176UW
N192US,N192UW
N170US,N170US
N178US,N178US
N179US,N179UW
N180US,N180US
N181US,N181UW
N182US,N182UW
N183US,N183UW
N177US,N177US
N185US,N185UW
N184US,N184US
N186US,N186US
N187US,N187US
N188US,N188US
N193US,N193UW
N194US,N194UW
N195US,N195UW
N507US,N507AY
N508US,N508AY
N509US,N509AY
N510US,N510UW
N196US,N196UW
N519US,N519UW
N970US,N970UY
N197US,N197UW
N521US,N521UW
N523US,N523UW
N524US,N524UW
N534US,N534UW
N535US,N535UW
N537US,N537UW
N536US,N536UW
N538US,N538UW
N539US,N539UW
N972US,N972UY
N540US,N540UW
N542US,N542UW
N544US,N544UW
N543US,N543UW
N545US,N545UW
N546US,N546UW
N973US,N973UY
N974US,N974UY
N549US,N549UW
N975US,N975UY
N551US,N551UW
N552US,N552UW
N553US,N553UW
N554US,N554UW
N976US,N976UY
N556US,N556UW
N557US,N557UW
N558US,N558UW
N559US,N559UW
N560US,N560UW
N561US,N561UW
N562US,N562UW
N982US,N982VJ
N563US,N563UW
N977US,N977UY
N978US,N978UY
N198US,N198UW
N199US,N199UW
N150US,N150UW
N151US,N151UW
N153US,N153UW
N152US,N152UW
N154US,N154UW
N157US,N157UW
N155US,N155UW
N156US,N156UW
N567US,N567UW
N568US,N568UW
N979US,N979UY
N980US,N980UY
N981US,N981UY
N572US,N572UW
N573US,N573UW
N575US,N575UW
N576US,N576UW
N578US,N578UW
N579US,N579UW
N580US,N580UW
N581US,N581UW
N582US,N582UW
N583US,N583UW
N584US,N584UW
N585US,N585UW
N586US,N586UW
N587US,N587UW
N971US,N971UY
N913US,N913US
N912US,N912UY
N914US,N914UY
N915US,N915US
N916US,N916US
N917US,N917UY
N918US,N918US
N919US,N919US
N920US,N920US
N922US,N922US
N923US,N923US
N921US,N921US
N924US,N924US
N925US,N925UY
N927US,N927UW
N926US,N926UW
N783AA,N101NN
N784AA,N102NN
N786AA,N104NN
N785AA,N103NN
N787AA,N105NN
N788AA,N106NN
N789AA,N107NN
N790AA,N108NN
N791AA,N109NN
N792AA,N110AN
N793AA,N111ZM
N794AA,N112AN
N795AA,N113AN
N796AA,N114NN
N797AA,N115NN
N799AA,N117AN
N798AA,N116AN
N850AA,N118NN
N851AA,N119NN
N853AA,N121AN
N852AA,N120EE
N854AA,N122NN
N855AA,N123NN
N856AA,N124AA
N857AA,N125AA
N858AA,N126AN
N859AA,N127AA
N860AA,N128AN
N861AA,N129AA
N862AA,N130AN
N863AA,N131NN
N864AA,N132AN
N865AA,N133AN
N866AA,N134AN
N867AA,N135NN
N868AA,N136AN
N869AA,N137AA
N870AA,N138AN
N872AA,N140AN
N873AA,N141NN
N871AA,N139AN
N874AA,N142AN
N876AA,N144AN
N875AA,N143AN
N878AA,N146AA
N877AA,N145AN
N880AA,N148AN
N879AA,N147AA
N881AA,N149AN
N883AA,N151AN
N882AA,N150NN
N885AA,N153AN
N884AA,N152AA
N887AA,N155NN
N886AA,N154AN
N888AA,N156AN
N889AA,N157AA
N891AA,N159AN
N890AA,N158AN
N892AA,N160AN
N894AA,N162AA
N895AA,N163AA
N893AA,N161AA
N988AA,N988AL
N896AA,N164NN
N897AA,N165NN
N898AA,N166NN
N899AA,N167AN
N986AA,N986AN
N987AA,N987AM
N989AA,N989AU
N991AA,N991AU
N990AA,N990AU
N992AA,N992AU
N993AA,N993AN
N994AA,N994AN
N995AA,N995AN
N996AA,N996AN
N998AA,N998AN
N997AA,N997AA
N929AA,N929AA
N931AA,N931AM
N930AA,N930AU
N928AA,N928AM
N933AA,N933AM
N932AA,N932AM
N900AA,N900UW
N901AA,N901AA
N934AA,N934AA
N902AA,N902AA
N903AA,N903AA
N905AA,N905AU
N904AA,N904AA
N907AA,N907AA
N906AA,N906AA
N908AA,N908AA
N910AA,N910AU
N909AA,N909AM
N279US,N279AY
N280US,N280AY
N281US,N281AY
N282US,N282AY
N283US,N283AY
N284US,N284AY
N285US,N285AY
N286US,N286AY
N287US,N287AY
N288US,N288AY
N289US,N289AY
N290US,N290AY
N291US,N291AY
N292US,N292AY
N293US,N293AY
N270US,N270AY
N271US,N271AY
N272US,N272AY
N273US,N273AY
N274US,N274AY
N275US,N275AY
N276US,N276AY
N277US,N277AY
N278US,N278AY
N3AAAA,N901AN
N3ABAA,N902AN
N3ACAA,N903AN
N3ADAA,N904AN
N3AEAA,N905AN
N3AFAA,N906AN
N3AGAA,N907AN
N3AHAA,N908AN
N3AJAA,N909AN
N3AKAA,N910AN
N3ALAA,N912AN
N3AMAA,N913AN
N3ANAA,N914AN
N3APAA,N915AN
N3ARAA,N916AN
N3ASAA,N917AN
N3ATAA,N918AN
N3AUAA,N919AN
N3AVAA,N920AN
N3AWAA,N921AN
N3AXAA,N922AN
N3AYAA,N923AN
N3BAAA,N924AN
N3BBAA,N925AN
N3BCAA,N926AN
N3BDAA,N927AN
N3BEAA,N928AN
N3BFAA,N929AN
N3BGAA,N930AN
N3BHAA,N931AN
N3BJAA,N932AN
N3BKAA,N933AN
N3BLAA,N934AN
N3BMAA,N935AN
N3BNAA,N936AN
N3BPAA,N937AN
N3BRAA,N938AN
N3BSAA,N939AN
N3BTAA,N940AN
N3BUAA,N941AN
N3BVAA,N942AN
N3BWAA,N943AN
N3BXAA,N944AN
N3BYAA,N945AN
N3CAAA,N946AN
N3CBAA,N947AN
N3CCAA,N948AN
N3CDAA,N949AN
N3CEAA,N950AN
N3CFAA,N951AA
N3CGAA,N952AA
N3CHAA,N953AN
N3CJAA,N954AN
N3CKAA,N955AN
N3CLAA,N956AN
N3CMAA,N957AN
N3CNAA,N958AN
N3CPAA,N959AN
N3CRAA,N960AN
N3CSAA,N961AN
N3CTAA,N962AN
N3CUAA,N963AN
N3CVAA,N964AN
N3CWAA,N965AN
N3CXAA,N966AN
N3CYAA,N967AN
N3DAAA,N968AN
N3DBAA,N969AN
N3DCAA,N970AN
N3DDAA,N971AN
N3DEAA,N972AN
N3DFAA,N973AN
N3DGAA,N974AN
N3DHAA,N975AN
N3DJAA,N976AN
N3DLAA,N978AN
N3DMAA,N979AN
N3DNAA,N980AN
N3DPAA,N981AN
N3DRAA,N982AN
N3DSAA,N983AN
N3DTAA,N987AN
N3DUAA,N989AN
N3DVAA,N990AN
N3DWAA,N991AN
N3DXAA,N992AN
N3DYAA,N800NN
N3EAAA,N801NN
N3EBAA,N802NN
N3ECAA,N803NN
N3EDAA,N804NN
N3EEAA,N805NN
N3EFAA,N806NN
N3EGAA,N807NN
N3EHAA,N808NN
N3EJAA,N809NN
N3EKAA,N810NN
N3ELAA,N811NN
N3EMAA,N812NN
N3ENAA,N813NN
N3EPAA,N814NN
N3ERAA,N815NN
N3ESAA,N816NN
N3ETAA,N817NN
N3EUAA,N818NN
N3EVAA,N819NN
N3EWAA,N820NN
N3EXAA,N821NN
N3EYAA,N822NN
N3F TAA,N840NN
N3FAAA,N823NN
N3FBAA,N824NN
N3FCAA,N825NN
N3FDAA,N826NN
N3FEAA,N827NN
N3FFAA,N829NN
N3FGAA,N830NN
N3FHAA,N831NN
N3FJAA,N832NN
N3FKAA,N833NN
N3FLAA,N834NN
N3FMAA,N835NN
N3FNAA,N836NN
N3FPAA,N837NN
N3FRAA,N838NN
N3FSAA,N839NN
N3FUAA,N841NN
N3FVAA,N842NN
N3FWAA,N843NN
N3FXAA,N844NN
N3FYAA,N845NN
N3GAAA,N846NN
N3GBAA,N847NN
N3GCAA,N848NN
N3GDAA,N849NN
N3GEAA,N850NN
N3GFAA,N851NN
N3GGAA,N852NN
N3GHAA,N853NN
N3GJAA,N854NN
N3GKAA,N855NN
N3GLAA,N856NN
N3GMAA,N857NN
N3GNAA,N858NN
N3GPAA,N859NN
N3GRAA,N860NN
N3GSAA,N861NN
N3GTAA,N862NN
N3GUAA,N863NN
N3GVAA,N864NN
N3GWAA,N865NN
N3GXAA,N866NN
N3GYAA,N867NN
N3HAAA,N868NN
N3HBAA,N869NN
N3HCAA,N871NN
N3HDAA,N872NN
N3HEAA,N870NN
N3HFAA,N874NN
N3HGAA,N873NN
N3HHAA,N875NN
N3HJAA,N876NN
N3HKAA,N877NN
N3HLAA,N878NN
N3HMAA,N879NN
N3HNAA,N880NN
N3HPAA,N881NN
N3HRAA,N882NN
N3HSAA,N883NN
N3HTAA,N884NN
N3HUAA,N885NN
N3HVAA,N886NN
N3HWAA,N887NN
N3HXAA,N889NN
N3HYAA,N890NN
N3JAAA,N891NN
N3JBAA,N892NN
N3JCAA,N893NN
N3JDAA,N894NN
N3JEAA,N895NN
N3JFAA,N896NN
N3JGAA,N897NN
N3JHAA,N898NN
N3JJAA,N899NN
N3JKAA,N901NN
N3JLAA,N902NN
N3JMAA,N903NN
N3JNAA,N904NN
N3JPAA,N905NN
N3JRAA,N906NN
N3JSAA,N907NN
N3JTAA,N908NN
N3JUAA,N909NN
N3JVAA,N910NN
N3JWAA,N912NN
N3JXAA,N913NN
N3JYAA,N914NN
N3KAAA,N915NN
N3KBAA,N916NN
N3KCAA,N917NN
N3KDAA,N918NN
N3KEAA,N919NN
N3KFAA,N920NN
N3KGAA,N921NN
N3KHAA,N922NN
N3KJAA,N923NN
N3KKAA,N924NN
N3KLAA,N925NN
N3KMAA,N926NN
N3KNAA,N927NN
N3KPAA,N928NN
N3KRAA,N929NN
N3KSAA,N930NN
N3KTAA,N931NN
N3KUAA,N932NN
N3KVAA,N933NN
N3KWAA,N934NN
N3KXAA,N935NN
N3KYAA,N936NN
N3LAAA,N937NN
N3LBAA,N938NN
N3LCAA,N939NN
N3LEAA,N941NN
N3LFAA,N942NN
N3LDAA,N940NN
N3LGAA,N943NN
N3LHAA,N944NN
N3LJAA,N945NN
N3LKAA,N946NN
N3LLAA,N947NN
N3LMAA,N948NN
N3LNAA,N949NN
N3LPAA,N950NN
N3LRAA,N951NN
N3LSAA,N952NN
N3LTAA,N953NN
N3LUAA,N954NN
N3LWAA,N956NN
N3LYAA,N958NN
N3LXAA,N957NN
N3MAAA,N959NN
N3MBAA,N960NN
N3MCAA,N961NN
N3MDAA,N962NN
N3LVAA,N955NN
N3MEAA,N963NN
N3MFAA,N964NN
N3MGAA,N965NN
N3MHAA,N966NN
N3MJAA,N967NN
N3MKAA,N968NN
N3MLAA,N969NN
N3MMAA,N970NN
N3MNAA,N971NN
N3MPAA,N972NN
N3MRAA,N973NN
N3MUAA,N976NN
N3MVAA,N977NN
N3MWAA,N978NN
N3MXAA,N979NN
N3MYAA,N980NN
N3NAAA,N981NN
N3NBAA,N982NN
N3NCAA,N983NN
N3NDAA,N984NN
N3NEAA,N985NN
N3NFAA,N986NN
N3NGAA,N987NN
N3NHAA,N988NN
N3NJAA,N989NN
N3NKAA,N990NN
N3NLAA,N991NN
N3NMAA,N992NN
N3NNAA,N993NN
N3NPAA,N994NN
N3NRAA,N995NN
N3NSAA,N996NN
N3NTAA,N997NN
N3NUAA,N998NN
N3NVAA,N200NV
N3NWAA,N301NW
N3NXAA,N305NX
N3NYAA,N306NY
N3PAAA,N301PA
N3PBAA,N306PB
N3PCAA,N309PC
N3PDAA,N314PD
N3PEAA,N315PE
N3PFAA,N316PF
N3PGAA,N317PG
N3PHAA,N335PH
N3PJAA,N337PJ
N3PKAA,N338PK
N3PLAA,N339PL
N3PMAA,N342PM
N3PNAA,N343PN
N3PPAA,N344PP
N3PRAA,N346PR
N3PSAA,N352PS
N3PTAA,N354PT
N3PUAA,N355PU
N3PVAA,N357PV
N3PWAA,N358PW
N3PXAA,N359PX
N3RAAA,N324RA
N3RBAA,N304RB
N3RCAA,N306RC
N3RDAA,N308RD
N3REAA,N303RE
N3RFAA,N310RF
N3RGAA,N303RG
N3RHAA,N314RH
N3RJAA,N315RJ
N3RKAA,N316RK
N3RLAA,N321RL
N3RMAA,N323RM
N3RNAA,N324RN
N3RPAA,N326RP
N5DKAA,N692AA
N5DJAA,N691AA
N938US,N938UW
N939US,N939UW
N206US,N206UW
N200US,N200UU
N201US,N201UU
N202US,N202UW
N5ERAA,N183AN
N5ESAA,N184AN
N203US,N203UW
N204US,N204UW
N205US,N205UW
N5EXAA,N189AN
N5ETAA,N185AN
N5EUAA,N186AN
N5EVAA,N187AN
N207US,N207UW
N5EWAA,N188AN
N5EYAA,N190AA
N5FAAA,N191AN
N5FBAA,N192AN
N5FCAA,N193AN
N5FDAA,N194AA
N5FEAA,N195AN
N5FFAA,N196AA
N5FGAA,N197AN
N5FHAA,N198AA
N5FJAA,N199AN
N5FKAA,N175AN
N5FLAA,N176AA
N5FMAA,N177AN
N5FSAA,N173AN
N5FTAA,N172AJ
N379AA,N379AA
N381AA,N381AN
N384AA,N384AA
N385AA,N385AM
N390AA,N390AA
N388AA,N388AA
N389AA,N389AA
N391AA,N391AA
N392AA,N392AN
N393AA,N393AN
N394AA,N394AN
N395AA,N395AN
N397AA,N397AN
N396AA,N396AN
N398AA,N398AN
N399AA,N399AN
N342AA,N342AN
N347AA,N347AN
N343AA,N343AN
N346AA,N346AN
N348AA,N348AN
N349AA,N349AN
N350AA,N350AN
N344AA,N344AN
N7AAAA,N770AN
N7ABAA,N771AN
N7ACAA,N772AN
N7ADAA,N773AN
N7AEAA,N774AN
N7AFAA,N775AN
N7AGAA,N776AN
N7AHAA,N777AN
N7AJAA,N778AN
N7AKAA,N779AN
N7ALAA,N780AN
N7AMAA,N781AN
N7ANAA,N782AN
N7APAA,N783AN
N7ARAA,N784AN
N7ASAA,N785AN
N7ATAA,N786AN
N7AUAA,N787AL
N7AVAA,N788AN
N7AWAA,N789AN
N7AXAA,N790AN
N7AYAA,N791AN
N7BAAA,N792AN
N7BBAA,N793AN
N7BCAA,N794AN
N7BDAA,N795AN
N7BEAA,N796AN
N7BFAA,N797AN
N7BGAA,N798AN
N7BHAA,N799AN
N7BJAA,N750AN
N7BKAA,N751AN
N7BLAA,N752AN
N7BMAA,N753AN
N7BNAA,N754AN
N7BPAA,N755AN
N7BRAA,N756AM
N7BSAA,N757AN
N7BTAA,N758AN
N7BUAA,N759AN
N7BVAA,N760AN
N7BWAA,N761AJ
N7BXAA,N762AN
N7BYAA,N765AN
N7CAAA,N766AN
N7CBAA,N767AJ
N7CCAA,N768AA
N7LAAA,N717AN
N7LBAA,N718AN
N7LCAA,N719AN
N7LDAA,N720AN
N7LEAA,N721AN
N7LFAA,N722AN
N7LGAA,N723AN
N7LHAA,N724AN
N7LJAA,N725AN
N7LKAA,N726AN
N7LLAA,N727AN
N7LMAA,N728AN
N7LNAA,N729AN
N7LPAA,N730AN
N7LRAA,N731AN
N7L SAA,N732AN
N7L TAA,N733AR
N7LUAA,N734AR
N7LVAA,N735AT
N7LWAA,N736AT
N8AAAA,N800AN
N8ABAA,N801AC
N8ACAA,N802AN
N8ADAA,N803AL
N8AEAA,N804AN
N8AFAA,N805AN
N8AGAA,N806AA
N8AHAA,N807AA
N8AJAA,N808AN
N8AKAA,N809AA
N8ALAA,N810AN
N8AMAA,N811AB
N8ANAA,N812AA
N8APAA,N813AN
N8ARAA,N814AA
N8ASAA,N815AA
N8ATAA,N816AA
N8AUAA,N817AN
N8AVAA,N818AL
N8AWAA,N819AN
N8LAAA,N820AL
N8LBAA,N821AN
N8LCAA,N822AN
N8LDAA,N823AN
N8LEAA,N824AN
N8LFAA,N825AA
N8LGAA,N826AN
N8LHAA,N827AN
N8LJAA,N828AA
N8LKAA,N829AN
N8LLAA,N830AN
N8LMAA,N831AA
N8LNAA,N832AA
N8LPAA,N833AA
N8LRAA,N834AA
N8LSAA,N835AN
N8LTAA,N836AA
N8LUAA,N837AN
N944US,N944UW
N945US,N945UW
N946US,N946UW
N947US,N947UW
N948US,N948UW
N949US,N949UW
N950US,N950UW
N951US,N951UW
N952US,N952UW
N953US,N953UW
N954US,N954UW
N955US,N955UW
N956US,N956UW
N957US,N957UW
N958US,N958UW
N959US,N959UW
N961US,N961UW
N963US,N963UW
N965US,N965UW
N967US,N967UW
N501AA,N501AA
N541AA,N7541A
N4XBAA,N9615W
N4XCAA,N9616G
N4XDAA,N9617R
N4XEAA,N9618A
N4XFAA,N9619V
N4XGAA,N9620D
N4XSAA,N9630A
N4XHAA,N9621A
N4XJAA,N9622A
N4XKAA,N9624T
N4XLAA,N9625W
N4XMAA,N9626F
N4XPAA,N9628W
N4XRAA,N9629H
N4XTAA,N961TW
N4XUAA,N962TW
N4XVAA,N963TW
N4XWAA,N964TW
N4XXAA,N965TW
N4XYAA,N966TW
N4YCAA,N969TW
N4YDAA,N970TW
N4YEAA,N971TW
N4YFAA,N972TW
N4YLAA,N9677W
N4YNAA,N979TW
N4YPAA,N980TW
N4YRAA,N9681B
N4YSAA,N982TW
N4YTAA,N983TW
N4YUAA,N984TW
