tail_num,carrier
N3754A,DL
N923DL,DL
N551NW,DL
N334NW,DL
N675DL,DL
N309US,DL
N940DL,DL
N920DL,DL
N357NW,DL
N199DN,DL
N943AT,DL
N3733Z,DL
N925AT,DL
N973DL,DL
N907DE,DL
N905DA,DL
N392DA,DL
N927DN,DL
N302NB,DL
N966DL,DL
N341NW,DL
N970AT,DL
N328NW,DL
N608AT,DL
N913DL,DL
N378NW,DL
N703TW,DL
N927DA,DL
N752AT,DL
N915DL,DL
N955DN,DL
N842DN,DL
N538US,DL
N352NW,DL
N681DA,DL
N6716C,DL
N965DL,DL
N976DL,DL
N951DN,DL
N683DA,DL
N546US,DL
N370NB,DL
N991AT,DL
N347NW,DL
N910DL,DL
N971AT,DL
N981DL,DL
N603AT,DL
N362NW,DL
N959AT,DL
N338NW,DL
N343NB,DL
N584NW,DL
N924AT,DL
N3739P,DL
N3757D,DL
N377DA,DL
N358NB,DL
N67171,DL
N916DE,DL
N982AT,DL
N909DE,DL
N819DN,DL
N989AT,DL
N906DA,DL
N6701,DL
N668DN,DL
N910AT,DL
N958DL,DL
N391DA,DL
N933AT,DL
N904DE,DL
N913DE,DL
N1611B,DL
N303DQ,DL
N994AT,DL
N824DN,DL
N956DL,DL
N906DL,DL
N333NB,DL
N964DL,DL
N896AT,DL
N907DL,DL
N971DL,DL
N315US,DL
N321NB,DL
N910DN,DL
N904DL,DL
N827DN,DL
N920AT,DL
N812DN,DL
N371NB,DL
N821DN,DL
N316US,DL
N915DE,DL
N536US,DL
N3749D,DL
N836DN,DL
N914DL,DL
N673DL,DL
N933DL,DL
N552NW,DL
N3761R,DL
N322NB,DL
N6704Z,DL
N959DL,DL
N383DN,DL
N961DN,DL
N960DL,DL
N582NW,DL
N588NW,DL
N951DL,DL
N660DL,DL
N926DL,DL
N382DA,DL
N917DL,DL
N807DN,DL
N594NW,DL
N556NW,DL
N963DN,DL
N924DL,DL
N349NW,DL
N972DL,DL
N993AT,DL
N804DN,DL
N345NW,DL
N3741S,DL
N3735D,DL
N385DN,DL
N1610D,DL
N366NW,DL
N339NB,DL
N306DQ,DL
N905DE,DL
N948AT,DL
N326US,DL
N944AT,DL
N395DN,DL
N921DN,DL
N379DA,DL
N983DL,DL
N928AT,DL
N964DN,DL
N688DL,DL
N952DL,DL
N910DE,DL
N815DN,DL
N947DL,DL
N974DL,DL
N947AT,DL
N840DN,DL
N317US,DL
N975DL,DL
N957DL,DL
N934AT,DL
N942DL,DL
N3742C,DL
N822DN,DL
N818DA,DL
N802DN,DL
N695DL,DL
N984DL,DL
N555NW,DL
N1402A,DL
N340NB,DL
N945DN,DL
N980DL,DL
N954DL,DL
N585NW,DL
N942AT,DL
N908DL,DL
N3736C,DL
N911DL,DL
N918DL,DL
N384DA,DL
N337NW,DL
N557NW,DL
N3765,DL
N3760C,DL
N595NW,DL
N6705Y,DL
N995DL,DL
N958DN,DL
N930DL,DL
N954DN,DL
N322US,DL
N942DN,DL
N935DN,DL
N816DN,DL
N970DL,DL
N981AT,DL
N344NW,DL
N946DL,DL
N702TW,DL
N917DE,DL
N850DN,DL
N919AT,DL
N848DN,DL
N680DA,DL
N937AT,DL
N923DN,DL
N813DN,DL
N967AT,DL
N309DE,DL
N962DN,DL
N820DN,DL
N693DL,DL
N301DQ,DL
N828DN,DL
N310DE,DL
N903DE,DL
N843DN,DL
N913DN,DL
N846DN,DL
N906AT,DL
N972AT,DL
N940DN,DL
N686DA,DL
N369NW,DL
N967DL,DL
N361NW,DL
N375NC,DL
N924DN,DL
N837DN,DL
N825DN,DL
N330NW,DL
N319US,DL
N692DL,DL
N335NW,DL
N928DN,DL
N326NB,DL
N342NW,DL
N6710E,DL
N911DA,DL
N968DL,DL
N139DL,DL
N3768,DL
N977DL,DL
N189DN,DL
N987DL,DL
N941DL,DL
N590NW,DL
N722TW,DL
N304DQ,DL
N817DN,DL
N841DN,DL
N667DN,DL
N956DN,DL
N316NB,DL
N121DE,DL
N37700,DL
N985AT,DL
N811DZ,DL
N332NB,DL
N3764D,DL
N314NB,DL
N907DA,DL
N627DL,DL
N678DL,DL
N962DL,DL
N929DL,DL
N829DN,DL
N143DA,DL
N832DN,DL
N666DN,DL
N363NW,DL
N589NW,DL
N946AT,DL
N706TW,DL
N950DL,DL
N935AT,DL
N938DL,DL
N928DL,DL
N325US,DL
N3746H,DL
N906DE,DL
N953DL,DL
N968AT,DL
N959DN,DL
N805DN,DL
N966AT,DL
N587NW,DL
N633DL,DL
N943DL,DL
N125DL,DL
N956AT,DL
N922AT,DL
N367NW,DL
N331NW,DL
N961DL,DL
N325NB,DL
N978AT,DL
N918DH,DL
N3767,DL
N921AT,DL
N911DE,DL
N943DN,DL
N372NW,DL
N583NW,DL
N946DN,DL
N979DL,DL
N930DN,DL
N831DN,DL
N957DN,DL
N370NW,DL
N727TW,DL
N960AT,DL
N926DH,DL
N912DL,DL
N372DA,DL
N607AT,DL
N919DE,DL
N659DL,DL
N940AT,DL
N663DN,DL
N359NW,DL
N980AT,DL
N835DN,DL
N986AT,DL
N324NB,DL
N920DN,DL
N717JL,DL
N914DE,DL
N849DN,DL
N803DN,DL
N6706Q,DL
N916DL,DL
N3772H,DL
N317NB,DL
N3744F,DL
N901DA,DL
N368NW,DL
N950DN,DL
N965DN,DL
N950AT,DL
N3763D,DL
N581NW,DL
N3745B,DL
N925DL,DL
N933DN,DL
N699DL,DL
N336NW,DL
N895AT,DL
N312US,DL
N327NB,DL
N934DN,DL
N356NW,DL
N334NB,DL
N905DL,DL
N963DL,DL
N891AT,DL
N983AT,DL
N377NW,DL
N3759,DL
N939DN,DL
N140LL,DL
N952AT,DL
N371NW,DL
N937DL,DL
N808DN,DL
N939DL,DL
N936DL,DL
N920DE,DL
N945DL,DL
N936AT,DL
N661DN,DL
N376DA,DL
N310NW,DL
N964AT,DL
N329NB,DL
N806DN,DL
N991DL,DL
N997DL,DL
N374NW,DL
N664DN,DL
N301NB,DL
N3737C,DL
N353NW,DL
N365NW,DL
N952DN,DL
N974AT,DL
N345NB,DL
N975AT,DL
N923AT,DL
N354NW,DL
N987AT,DL
N685DA,DL
N977AT,DL
N750AT,DL
N969DL,DL
N814DN,DL
N351NW,DL
N342NB,DL
N899AT,DL
N371DA,DL
N932DL,DL
N321US,DL
N948DL,DL
N915AT,DL
N903DA,DL
N335NB,DL
N918DE,DL
N313US,DL
N323NB,DL
N919DN,DL
N336NB,DL
N978DL,DL
N3740C,DL
N360NB,DL
N963AT,DL
N338NB,DL
N361NB,DL
N810DN,DL
N990AT,DL
N144DA,DL
N617DL,DL
N838DN,DL
N938DN,DL
N3743H,DL
N834DN,DL
N949AT,DL
N314US,DL
N592NW,DL
N998AT,DL
N954AT,DL
N689DL,DL
N996AT,DL
N900DE,DL
N698DL,DL
N181DN,DL
N3750D,DL
N128DL,DL
N938AT,DL
N955DL,DL
N155DL,DL
N343NW,DL
N3738B,DL
N591NW,DL
N540US,DL
N3753,DL
N908DE,DL
N915DN,DL
N925DN,DL
N893AT,DL
N194DN,DL
N937DN,DL
N949DL,DL
N941DN,DL
N684DA,DL
N1608,DL
N992DL,DL
N917DN,DL
N809DN,DL
N847DN,DL
N365NB,DL
N955AT,DL
N662DN,DL
N958AT,DL
N6711M,DL
N922DL,DL
N986DL,DL
N902DE,DL
N358NW,DL
N676DL,DL
N346NB,DL
N908DA,DL
N932DN,DL
N936DN,DL
N368NB,DL
N397DA,DL
N378DA,DL
N704X,DL
N900PC,DL
N931DL,DL
N909DA,DL
N544US,DL
N376NW,DL
N3730B,DL
N912DE,DL
N340NW,DL
N3748Y,DL
N988DL,DL
N993DL,DL
N348NB,DL
N930AT,DL
N618DL,DL
N951AT,DL
N682DA,DL
N349NB,DL
N912DN,DL
N635DL,DL
N593NW,DL
N926AT,DL
N176DZ,DL
N927AT,DL
N957AT,DL
N961AT,DL
N394DA,DL
N939AT,DL
N136DL,DL
N3771K,DL
N3766,DL
N916DN,DL
N6708D,DL
N914DN,DL
N6714Q,DL
N3762Y,DL
N839DN,DL
N998DL,DL
N969AT,DL
N624AG,DL
N997AT,DL
N130DL,DL
N751AT,DL
N965AT,DL
N3756,DL
N801DZ,DL
N318US,DL
N369NB,DL
N337NB,DL
N901DE,DL
N671DN,DL
N710TW,DL
N554NW,DL
N318NB,DL
N190DN,DL
N982DL,DL
N153DL,DL
N553NW,DL
N709TW,DL
N821NW,DL
N999DN,DL
N6713Y,DL
N948DN,DL
N665DN,DL
N374DA,DL
N832MH,DL
N705TW,DL
N152DL,DL
N711ZX,DL
N156DL,DL
N723TW,DL
N3732J,DL
N196DN,DL
N713TW,DL
N717TW,DL
N381DN,DL
N396DA,DL
N3751B,DL
N398DA,DL
N721TW,DL
N816NW,DL
N3731T,DL
N960DN,DL
N712TW,DL
N944DN,DL
N718TW,DL
N586NW,DL
N823DN,DL
N355NW,DL
N344NB,DL
N979AT,DL
N845DN,DL
N931DN,DL
N929DN,DL
N192DN,DL
N324US,DL
N694DL,DL
N844DN,DL
N596NW,DL
N399DA,DL
N357NB,DL
N833DN,DL
N387DA,DL
N373NW,DL
N824NW,DL
N807NW,DL
N375DA,DL
N3769L,DL
N3773D,DL
N386DA,DL
N674DL,DL
N364NB,DL
N669DN,DL
N366NB,DL
N390DA,DL
N542US,DL
N826DN,DL
N341NB,DL
N548US,DL
N6700,DL
N985DL,DL
N327NW,DL
N6703D,DL
N364NW,DL
N922DX,DL
N953DN,DL
N3755D,DL
N329NW,DL
N6712B,DL
N393DA,DL
N1612T,DL
N934DL,DL
N3758Y,DL
N935DL,DL
N129DL,DL
N894AT,DL
N947DN,DL
N1607B,DL
N6709,DL
N919DL,DL
N138DL,DL
N830DN,DL
N994DL,DL
N319NB,DL
N348NW,DL
N904DA,DL
N3734B,DL
N809NW,DL
N315NB,DL
N127DL,DL
N989DL,DL
N311US,DL
N323US,DL
N3752,DL
N126DL,DL
N679DA,DL
N707TW,DL
N339NW,DL
N16065,DL
N353NB,DL
N612DL,DL
N1609,DL
N380DA,DL
N672DL,DL
N320US,DL
N359NB,DL
N6702,DL
N988AT,DL
N670DN,DL
N1613B,DL
N305DQ,DL
N541US,DL
N174DZ,DL
N307DQ,DL
N355NB,DL
N1604R,DL
N187DN,DL
N188DN,DL
N154DL,DL
N178DZ,DL
N198DN,DL
N193DN,DL
N332NW,DL
N862DA,DL
N373DA,DL
N195DN,DL
N308DE,DL
N944DL,DL
N281JB,B6
N231JB,B6
N329JB,B6
N324JB,B6
N526JB,B6
N621JB,B6
N779JB,B6
N523JB,B6
N603JB,B6
N197JB,B6
N239JB,B6
N558JB,B6
N306JB,B6
N648JB,B6
N594JB,B6
N657JB,B6
N605JB,B6
N283JB,B6
N375JB,B6
N309JB,B6
N292JB,B6
N203JB,B6
N959JB,B6
N624JB,B6
N905JB,B6
N913JB,B6
N192JB,B6
N646JB,B6
N354JB,B6
N947JB,B6
N274JB,B6
N527JB,B6
N279JB,B6
N658JB,B6
N569JB,B6
N374JB,B6
N249JB,B6
N509JB,B6
N709JB,B6
N613JB,B6
N775JB,B6
N587JB,B6
N796JB,B6
N298JB,B6
N949JB,B6
N907JB,B6
N508JB,B6
N296JB,B6
N712JB,B6
N346JB,B6
N556JB,B6
N948JB,B6
N935JB,B6
N524JB,B6
N821JB,B6
N334JB,B6
N323JB,B6
N178JB,B6
N568JB,B6
N318JB,B6
N216JB,B6
N198JB,B6
N507JB,B6
N273JB,B6
N627JB,B6
N954JB,B6
N373JB,B6
N267JB,B6
N834JB,B6
N665JB,B6
N179JB,B6
N510JB,B6
N633JB,B6
N763JB,B6
N358JB,B6
N945JB,B6
N651JB,B6
N228JB,B6
N570JB,B6
N640JB,B6
N789JB,B6
N529JB,B6
N629JB,B6
N566JB,B6
N247JB,B6
N521JB,B6
N190JB,B6
N294JB,B6
N706JB,B6
N316JB,B6
N355JB,B6
N563JB,B6
N284JB,B6
N206JB,B6
N193JB,B6
N238JB,B6
N184JB,B6
N957JB,B6
N612JB,B6
N607JB,B6
N579JB,B6
N944JB,B6
N929JB,B6
N618JB,B6
N636JB,B6
N807JB,B6
N339JB,B6
N258JB,B6
N520JB,B6
N645JB,B6
N304JB,B6
N760JB,B6
N565JB,B6
N729JB,B6
N615JB,B6
N559JB,B6
N598JB,B6
N634JB,B6
N809JB,B6
N639JB,B6
N588JB,B6
N517JB,B6
N571JB,B6
N265JB,B6
N608JB,B6
N805JB,B6
N937JB,B6
N934JB,B6
N552JB,B6
N506JB,B6
N599JB,B6
N637JB,B6
N337JB,B6
N630JB,B6
N504JB,B6
N638JB,B6
N705JB,B6
N794JB,B6
N661JB,B6
N635JB,B6
N595JB,B6
N946JB,B6
N534JB,B6
N536JB,B6
N659JB,B6
N806JB,B6
N593JB,B6
N625JB,B6
N353JB,B6
N187JB,B6
N649JB,B6
N943JB,B6
N643JB,B6
N580JB,B6
N554JB,B6
N589JB,B6
N653JB,B6
N505JB,B6
N229JB,B6
N708JB,B6
N531JB,B6
N590JB,B6
N768JB,B6
N641JB,B6
N547JB,B6
N561JB,B6
N537JB,B6
N503JB,B6
N348JB,B6
N923JB,B6
N662JB,B6
N585JB,B6
N827JB,B6
N656JB,B6
N793JB,B6
N328JB,B6
N652JB,B6
N715JB,B6
N175DZ,DL
N197DN,DL
N3747D,DL
N932AT,DL
N811NW,DL
N394DL,DL
N822NW,DL
N1602,DL
N949DN,DL
N992AT,DL
N388DA,DL
N817NW,DL
N177DZ,DL
N302DQ,DL
N823NW,DL
N178DN,DL
N179DN,DL
N623DL,DL
N169DZ,DL
N802NW,DL
N819NW,DL
N814NW,DL
N815NW,DL
N825NW,DL
N347NB,DL
N801NW,DL
N673AW,AA
N668AW,AA
N656AW,AA
N836AW,AA
N582UW,AA
N982VJ,AA
N650AW,AA
N915US,AA
N657AW,AA
N192UW,AA
N807AW,AA
N753US,AA
N157UW,AA
N110UW,AA
N808AW,AA
N803AW,AA
N819AW,AA
N672AW,AA
N833AW,AA
N195UW,AA
N186US,AA
N586UW,AA
N187US,AA
N559UW,AA
N921US,AA
N659AW,AA
N580UW,AA
N826AW,AA
N180US,AA
N560UW,AA
N951UW,AA
N275AY,AA
N675AW,AA
N172US,AA
N973UY,AA
N165US,AA
N758US,AA
N189UW,AA
N182UW,AA
N971UY,AA
N123UW,AA
N981UY,AA
N765US,AA
N640AW,AA
N764US,AA
N161UW,AA
N667AW,AA
N151UW,AA
N923US,AA
N748UW,AA
N908AW,AA
N752US,AA
N551UW,AA
N654AW,AA
N912UY,AA
N519UW,AA
N651AW,AA
N572UW,AA
N190UW,AA
N508AY,AA
N722US,AA
N812AW,AA
N584UW,AA
N568UW,AA
N678AW,AA
N653AW,AA
N205UW,AA
N906AW,AA
N184US,AA
N663AW,AA
N117UW,AA
N185UW,AA
N510UW,AA
N540UW,AA
N766US,AA
N573UW,AA
N926UW,AA
N904AW,AA
N601AW,AA
N677AW,AA
N539UW,AA
N579UW,AA
N665AW,AA
N815AW,AA
N523UW,AA
N977UY,AA
N818AW,AA
N509AY,AA
N909AW,AA
N196UW,AA
N163US,AA
N578UW,AA
N658AW,AA
N193UW,AA
N563UW,AA
N537UW,AA
N937UW,AA
N835AW,AA
N660AW,AA
N901AW,AA
N652AW,AA
N534UW,AA
N942UW,AA
N546UW,AA
N183UW,AA
N732US,AA
N162UW,AA
N927UW,AA
N536UW,AA
N920US,AA
N553UW,AA
N545UW,AA
N680AW,AA
N922US,AA
N284AY,AA
N757UW,AA
N730US,AA
N152UW,AA
N561UW,AA
N961UW,AA
N947UW,AA
N538UW,AA
N575UW,AA
N975UY,AA
N191UW,AA
N917UY,AA
N935UW,AA
N288AY,AA
N154UW,AA
N809AW,AA
N155UW,AA
N717UW,AA
N111US,AA
N956UW,AA
N944UW,AA
N936UW,AA
N918US,AA
N979UY,AA
N581UW,AA
N280AY,AA
N583UW,AA
N924US,AA
N716UW,AA
N725UW,AA
N749US,AA
N916US,AA
N978UY,AA
N830AW,AA
N292AY,AA
N278AY,AA
N664AW,AA
N521UW,AA
N206UW,AA
N740UW,AA
N802AW,AA
N535UW,AA
N126UW,AA
N813AW,AA
N170US,AA
N103US,AA
N714US,AA
N939UW,AA
N282AY,AA
N188US,AA
N174US,AA
N167US,AA
N289AY,AA
N804AW,AA
N763US,AA
N293AY,AA
N542UW,AA
N702UW,AA
N114UW,AA
N738US,AA
N198UW,AA
N567UW,AA
N107US,AA
N200UU,AA
N750UW,AA
N585UW,AA
N102UW,AA
N153UW,AA
N556UW,AA
N980UY,AA
N823AW,AA
N827AW,AA
N838AW,AA
N950UW,AA
N948UW,AA
N124US,AA
N755US,AA
N919US,AA
N721UW,AA
N127UW,AA
N662AW,AA
N914UY,AA
N747UW,AA
N822AW,AA
N810AW,AA
N701UW,AA
N913US,AA
N119US,AA
N171US,AA
N150UW,AA
N806AW,AA
N745VJ,AA
N941UW,AA
N824AW,AA
N760US,AA
N178US,AA
N700UW,AA
N552UW,AA
N710UW,AA
N754UW,AA
N104UW,AA
N169UW,AA
N118US,AA
N507AY,AA
N177US,AA
N715UW,AA
N543UW,AA
N953UW,AA
N829AW,AA
N770UW,AA
N742PS,AA
N801AW,AA
N737US,AA
N831AW,AA
N820AW,AA
N203UW,AA
N828AW,AA
N270AY,AA
N938UW,AA
N821AW,AA
N805AW,AA
N272AY,AA
N194UW,AA
N814AW,AA
N839AW,AA
N711UW,AA
N709UW,AA
N816AW,AA
N974UY,AA
N109UW,AA
N105UW,AA
N834AW,AA
N587UW,AA
N197UW,AA
N112US,AA
N723UW,AA
N963UW,AA
N202UW,AA
N952UW,AA
N767UW,AA
N156UW,AA
N524UW,AA
N756US,AA
N965UW,AA
N733UW,AA
N837AW,AA
N703UW,AA
N741UW,AA
N954UW,AA
N558UW,AA
N125UW,AA
N708UW,AA
N925UY,AA
N744P,AA
N122US,AA
N945UW,AA
N176UW,AA
N959UW,AA
N121UW,AA
N179UW,AA
N554UW,AA
N661AW,AA
N746UW,AA
N955UW,AA
N958UW,AA
N768US,AA
N957UW,AA
N949UW,AA
N946UW,AA
N587AS,AS
N570AS,AS
N527AS,AS
N566AS,AS
N506AS,AS
N433AS,AS
N491AS,AS
N523AS,AS
N552AS,AS
N479AS,AS
N524AS,AS
N464AS,AS
N481AS,AS
N548AS,AS
N408AS,AS
N483AS,AS
N597AS,AS
N492AS,AS
N302AS,AS
N402AS,AS
N477AS,AS
N317AS,AS
N549AS,AS
N467AS,AS
N565AS,AS
N619AS,AS
N778AS,AS
N768AS,AS
N764AS,AS
N586AS,AS
N708AS,AS
N794AS,AS
N765AS,AS
N788AS,AS
N779AS,AS
N795AS,AS
N553AS,AS
N644AS,AS
N564AS,AS
N513AS,AS
N558AS,AS
N590AS,AS
N568AS,AS
N791AS,AS
N622AS,AS
N706AS,AS
N525AS,AS
N409AS,AS
N518AS,AS
N309AS,AS
N478AS,AS
N546AS,AS
N453AS,AS
N440AS,AS
N486AS,AS
N431AS,AS
N583AS,AS
N562AS,AS
N625AS,AS
N760AS,AS
N318AS,AS
N423AS,AS
N796AS,AS
N769AS,AS
N551AS,AS
N799AS,AS
N612AS,AS
N792AS,AS
N713AS,AS
N705AS,AS
N534AS,AS
N588AS,AS
N618AS,AS
N472AS,AS
N508AS,AS
N589AS,AS
N557AS,AS
N461AS,AS
N703AS,AS
N528AS,AS
N585AS,AS
N615AS,AS
N596AS,AS
N767AS,AS
N613AS,AS
N307AS,AS
N459AS,AS
N563AS,AS
N419AS,AS
N560AS,AS
N469AS,AS
N474AS,AS
N403AS,AS
N320AS,AS
N413AS,AS
N614AS,AS
N303AS,AS
N462AS,AS
N593AS,AS
N532AS,AS
N319AS,AS
N306AS,AS
N442AS,AS
N611AS,AS
N627AS,AS
N520AS,AS
N592AS,AS
N487AS,AS
N435AS,AS
N457AS,AS
N512AS,AS
N535AS,AS
N584AS,AS
N315AS,AS
N579AS,AS
N305AS,AS
N594AS,AS
N609AS,AS
N407AS,AS
N471AS,AS
N323AS,AS
N468AS,AS
N526AS,AS
N556AS,AS
N530AS,AS
N538AS,AS
N514AS,AS
N529AS,AS
N531AS,AS
N191DN,DL
N6715C,DL
N921DL,DL
N995AT,DL
N317JB,B6
N307JB,B6
N562JB,B6
N368JB,B6
N236JB,B6
N655JB,B6
N942JB,B6
N535JB,B6
N584JB,B6
N663JB,B6
N266JB,B6
N564JB,B6
N784JB,B6
N766JB,B6
N606JB,B6
N746JB,B6
N583JB,B6
N351JB,B6
N591JB,B6
N183JB,B6
N703JB,B6
N828JB,B6
N956JB,B6
N644JB,B6
N958JB,B6
N950JB,B6
N516JB,B6
N519JB,B6
N586JB,B6
N903JB,B6
N632JB,B6
N952JB,B6
N176DN,DL
N812NW,DL
N820NW,DL
N804NW,DL
N929AT,DL
N808NW,DL
N547US,DL
N177DN,DL
N806NW,DL
N851NW,DL
N180DN,DL
N818NW,DL
N6707A,DL
N1501P,DL
N389DA,DL
N1603,DL
N762US,AA
N549UW,AA
N604AW,AA
N562UW,AA
N679AW,AA
N199UW,AA
N544UW,AA
N655AW,AA
N724UW,AA
N751UW,AA
N557UW,AA
N207UW,AA
N291AY,AA
N840AW,AA
N576UW,AA
N967UW,AA
N181UW,AA
N976UY,AA
N287AY,AA
N281AY,AA
N832AW,AA
N940UW,AA
N647AW,AA
N128UW,AA
N173US,AA
N276AY,AA
N290AY,AA
N277AY,AA
N972UY,AA
N713UW,AA
N803NW,DL
N171DN,DL
N173DZ,DL
N810NW,DL
N864DA,DL
N185DN,DL
N844MH,DL
N902DA,DL
N592JB,B6
N623JB,B6
N333NW,DL
N182DN,DL
N687DL,DL
N320NB,DL
N175DN,DL
N1605,DL
N805NW,DL
N953AT,DL
N877AS,EV
N879AS,EV
N901EV,EV
N907EV,EV
N902EV,EV
N884AS,EV
N903EV,EV
N906EV,EV
N880AS,EV
N876AS,EV
N905EV,EV
N629AE,EV
N909EV,EV
N908EV,EV
N678AE,EV
N685AE,EV
N671AE,EV
N675AE,EV
N687JS,EV
N672AE,EV
N633AE,EV
N673AE,EV
N904EV,EV
N676AE,EV
N680AE,EV
N667GB,EV
N684JW,EV
N624AE,EV
N626AE,EV
N677AE,EV
N14570,EV
N12569,EV
N14905,EV
N13978,EV
N14904,EV
N34110,EV
N13995,EV
N11526,EV
N12530,EV
N15527,EV
N28529,EV
N12201,EV
N12528,EV
N13550,EV
N12563,EV
N12564,EV
N14162,EV
N11199,EV
N14177,EV
N11165,EV
N11547,EV
N18556,EV
N14920,EV
N15986,EV
N13975,EV
N11539,EV
N13566,EV
N13914,EV
N16561,EV
N14573,EV
N14568,EV
N14991,EV
N10575,EV
N15572,EV
N16987,EV
N12567,EV
N14977,EV
N16976,EV
N13553,EV
N14174,EV
N14173,EV
N15985,EV
N14923,EV
N16981,EV
N12175,EV
N15910,EV
N22909,EV
N14916,EV
N21154,EV
N11544,EV
N17984,EV
N17560,EV
N19554,EV
N12924,EV
N11181,EV
N11191,EV
N11107,EV
N16571,EV
N11551,EV
N11536,EV
N11565,EV
N14543,EV
N36915,EV
N12921,EV
N26545,EV
N31131,EV
N15983,EV
N23139,EV
N14179,EV
N48901,EV
N21129,EV
N12160,EV
N13997,EV
N14158,EV
N13133,EV
N11164,EV
N21197,EV
N11189,EV
N14171,EV
N17115,EV
N12922,EV
N11150,EV
N11194,EV
N14203,EV
N26141,EV
N17169,EV
N16999,EV
N13989,EV
N29917,EV
N18557,EV
N11548,EV
N12552,EV
N14542,EV
N16918,EV
N13903,EV
N15574,EV
N13988,EV
N12195,EV
N12142,EV
N12166,EV
N11193,EV
N33182,EV
N12540,EV
N15555,EV
N14558,EV
N14902,EV
N26549,EV
N13538,EV
N17146,EV
N11127,EV
N12157,EV
N12163,EV
N13992,EV
N11192,EV
N12136,EV
N15912,EV
N12900,EV
N14998,EV
N11535,EV
N15980,EV
N17196,EV
N13908,EV
N12996,EV
N14993,EV
N24103,EV
N17185,EV
N11184,EV
N16546,EV
N13994,EV
N25134,EV
N13913,EV
N21144,EV
N14180,EV
N13118,EV
N21537,EV
N14907,EV
N12135,EV
N16178,EV
N17138,EV
N17108,EV
N14204,EV
N14148,EV
N14168,EV
N13161,EV
N14562,EV
N16559,EV
N16149,EV
N16170,EV
N13132,EV
N16911,EV
N14198,EV
N14186,EV
N11187,EV
N12172,EV
N11140,EV
N14188,EV
N16919,EV
N14143,EV
N11176,EV
N13979,EV
N16541,EV
N11109,EV
N29906,EV
N17159,EV
N27190,EV
N12167,EV
N27152,EV
N27200,EV
N14105,EV
N16183,EV
N13202,EV
N183DN,DL
N830MH,DL
N184DN,DL
N855NW,DL
N857AS,EV
N846AS,EV
N882AS,EV
N854AS,EV
N924EV,EV
N851AS,EV
N859AS,EV
N925EV,EV
N847AS,EV
N852AS,EV
N870AS,EV
N195PQ,EV
N900EV,EV
N871AS,EV
N371CA,EV
N166PQ,EV
N228PQ,EV
N860AS,EV
N883AS,EV
N919EV,EV
N878AS,EV
N856AS,EV
N717EV,EV
N138EV,EV
N722EV,EV
N132EV,EV
N153PQ,EV
N137EV,EV
N186PQ,EV
N197PQ,EV
N232PQ,EV
N136EV,EV
N147PQ,EV
N582CA,EV
N134EV,EV
N855AS,EV
N868AS,EV
N881AS,EV
N873AS,EV
N926EV,EV
N914EV,EV
N917EV,EV
N921EV,EV
N922EV,EV
N848AS,EV
N759EV,EV
N718EV,EV
N538CA,EV
N135EV,EV
N678CA,EV
N131EV,EV
N695CA,EV
N607LR,EV
N146PQ,EV
N200PQ,EV
N748EV,EV
N755EV,EV
N858AS,EV
N853AS,EV
N872AS,EV
N916EV,EV
N843AS,EV
N844AS,EV
N927EV,EV
N861AS,EV
N707EV,EV
N937EV,EV
N741EV,EV
N606LR,EV
N676CA,EV
N181PQ,EV
N615QX,EV
N133EV,EV
N744EV,EV
N850AS,EV
N849AS,EV
N867AS,EV
N923EV,EV
N750EV,EV
N716EV,EV
N724EV,EV
N752EV,EV
N738EV,EV
N751EV,EV
N604QX,EV
N608QX,EV
N723EV,EV
N712EV,EV
N753EV,EV
N391CA,EV
N605QX,EV
N612QX,EV
N920EV,EV
N758EV,EV
N760EV,EV
N614QX,EV
N708EV,EV
N710EV,EV
N709EV,EV
N611QX,EV
N730EV,EV
N600QX,EV
N761ND,EV
N740EV,EV
N713EV,EV
N1201P,DL
N691CA,EV
N754EV,EV
N176PQ,EV
N719EV,EV
N398CA,EV
N720EV,EV
N201FR,F9
N202FR,F9
N203FR,F9
N205FR,F9
N206FR,F9
N207FR,F9
N208FR,F9
N209FR,F9
N210FR,F9
N211FR,F9
N213FR,F9
N214FR,F9
N216FR,F9
N219FR,F9
N220FR,F9
N221FR,F9
N223FR,F9
N227FR,F9
N228FR,F9
N229FR,F9
N230FR,F9
N232FR,F9
N701FR,F9
N702FR,F9
N704FR,F9
N705FR,F9
N902FR,F9
N905FR,F9
N906FR,F9
N908FR,F9
N910FR,F9
N912FR,F9
N918FR,F9
N919FR,F9
N920FR,F9
N921FR,F9
N922FR,F9
N923FR,F9
N924FR,F9
N925FR,F9
N926FR,F9
N927FR,F9
N928FR,F9
N932FR,F9
N933FR,F9
N934FR,F9
N935FR,F9
N938FR,F9
N939FR,F9
N941FR,F9
N943FR,F9
N947FR,F9
N948FR,F9
N949FR,F9
N951FR,F9
N952FR,F9
N953FR,F9
N954FR,F9
N218FR,F9
N706FR,F9
N395HA,HA
N399HA,HA
N373HA,HA
N374HA,HA
N391HA,HA
N375HA,HA
N378HA,HA
N390HA,HA
N384HA,HA
N392HA,HA
N379HA,HA
N396HA,HA
N386HA,HA
N381HA,HA
N383HA,HA
N385HA,HA
N393HA,HA
N389HA,HA
N580HA,HA
N594HA,HA
N582HA,HA
N583HA,HA
N581HA,HA
N590HA,HA
N588HA,HA
N382HA,HA
N380HA,HA
N388HA,HA
N370HA,HA
N592HA,HA
N478HA,HA
N490HA,HA
N477HA,HA
N485HA,HA
N481HA,HA
N486HA,HA
N491HA,HA
N476HA,HA
N493HA,HA
N487HA,HA
N480HA,HA
N492HA,HA
N479HA,HA
N484HA,HA
N489HA,HA
N488HA,HA
N475HA,HA
N483HA,HA
N615NK,NK
N639NK,NK
N627NK,NK
N622NK,NK
N636NK,NK
N642NK,NK
N617NK,NK
N614NK,NK
N608NK,NK
N607NK,NK
N628NK,NK
N630NK,NK
N624NK,NK
N634NK,NK
N625NK,NK
N612NK,NK
N633NK,NK
N623NK,NK
N632NK,NK
N618NK,NK
N603NK,NK
N635NK,NK
N643NK,NK
N626NK,NK
N640NK,NK
N620NK,NK
N609NK,NK
N613NK,NK
N621NK,NK
N638NK,NK
N516NK,NK
N503NK,NK
N521NK,NK
N525NK,NK
N515NK,NK
N507NK,NK
N528NK,NK
N508NK,NK
N514NK,NK
N529NK,NK
N531NK,NK
N522NK,NK
N526NK,NK
N510NK,NK
N506NK,NK
N530NK,NK
N519NK,NK
N517NK,NK
N532NK,NK
N523NK,NK
N509NK,NK
N505NK,NK
N534NK,NK
N512NK,NK
N504NK,NK
N502NK,NK
N533NK,NK
N524NK,NK
N527NK,NK
N616NK,NK
N637NK,NK
N604NK,NK
N641NK,NK
N606NK,NK
N605NK,NK
N601NK,NK
N602NK,NK
N631NK,NK
N611NK,NK
N619NK,NK
N629NK,NK
N588NK,NK
N661NK,NK
N657NK,NK
N662NK,NK
N658NK,NK
N659NK,NK
N660NK,NK
N587NK,NK
N862AS,OO
N423SW,OO
N955SW,OO
N652BR,OO
N864AS,OO
N906SW,OO
N492SW,OO
N869AS,OO
N863AS,OO
N699BR,OO
N907SW,OO
N868CA,OO
N464SW,OO
N866AS,OO
N594SW,OO
N821AS,OO
N702BR,OO
N435SW,OO
N807SK,OO
N554CA,OO
N809SK,OO
N692CA,OO
N625CA,OO
N815SK,OO
N805SK,OO
N549CA,OO
N816SK,OO
N820SK,OO
N898SK,OO
N170PQ,OO
N803SK,OO
N825SK,OO
N806SK,OO
N814SK,OO
N812SK,OO
N821SK,OO
N449SW,OO
N603SK,OO
N617QX,OO
N633SK,OO
N606SK,OO
N630SK,OO
N608SK,OO
N613SK,OO
N802SK,OO
N468CA,OO
N613QX,OO
N611SK,OO
N824SK,OO
N641CA,OO
N161PQ,OO
N604SK,OO
N632SK,OO
N616QX,OO
N609SK,OO
N548CA,OO
N693CA,OO
N913EV,OO
N779CA,OO
N443SW,OO
N8828D,OO
N689CA,OO
N800SK,OO
N823SK,OO
N187PQ,OO
N822SK,OO
N817SK,OO
N804SK,OO
N447SW,OO
N454SW,OO
N8884E,OO
N783CA,OO
N823AS,OO
N8923A,OO
N809CA,OO
N936SW,OO
N953SW,OO
N446SW,OO
N455CA,OO
N477CA,OO
N781CA,OO
N8942A,OO
N459SW,OO
N912EV,OO
N461SW,OO
N629BR,OO
N886AS,OO
N455SW,OO
N437SW,OO
N915EV,OO
N506CA,OO
N466SW,OO
N8903A,OO
N432SW,OO
N431SW,OO
N448SW,OO
N8965E,OO
N463SW,OO
N460SW,OO
N452SW,OO
N885AS,OO
N457SW,OO
N899SK,OO
N601XJ,OO
N8968E,OO
N685BR,OO
N427SW,OO
N496CA,OO
N418SW,OO
N659BR,OO
N8982A,OO
N935SW,OO
N433SW,OO
N162PQ,OO
N896SK,OO
N679CA,OO
N607SK,OO
N416SW,OO
N426SW,OO
N675BR,OO
N429SW,OO
N495CA,OO
N430SW,OO
N944SW,OO
N438SW,OO
N487CA,OO
N8932C,OO
N602XJ,OO
N603QX,OO
N910EV,OO
N813SK,OO
N810SK,OO
N897SK,OO
N982SW,OO
N701BR,OO
N932EV,OO
N494CA,OO
N970SW,OO
N971SW,OO
N926SW,OO
N928SW,OO
N709BR,OO
N780SK,OO
N754SK,OO
N742SK,OO
N903SW,OO
N919SW,OO
N507CA,OO
N753SK,OO
N726SK,OO
N758SK,OO
N705SK,OO
N960SW,OO
N963SW,OO
N593ML,OO
N479CA,OO
N962SW,OO
N930SW,OO
N910SW,OO
N957SW,OO
N920SW,OO
N945SW,OO
N905SW,OO
N956SW,OO
N954SW,OO
N984CA,OO
N923SW,OO
N472CA,OO
N732SK,OO
N783SK,OO
N788SK,OO
N745SK,OO
N779SK,OO
N768SK,OO
N762SK,OO
N756SK,OO
N712SK,OO
N776SK,OO
N728SK,OO
N772SK,OO
N740SK,OO
N939SW,OO
N965SW,OO
N113SY,OO
N131SY,OO
N117SY,OO
N140SY,OO
N964SW,OO
N918SW,OO
N958SW,OO
N979SW,OO
N465SW,OO
N929EV,OO
N791SK,OO
N743SK,OO
N793SK,OO
N778SK,OO
N730SK,OO
N797SK,OO
N763SK,OO
N784SK,OO
N767SK,OO
N710SK,OO
N755SK,OO
N782SK,OO
N766SK,OO
N796SK,OO
N792SK,OO
N746SK,OO
N770SK,OO
N771SK,OO
N795SK,OO
N719SK,OO
N748SK,OO
N738SK,OO
N751SK,OO
N703SK,OO
N744SK,OO
N151SY,OO
N765SK,OO
N109SY,OO
N724SK,OO
N760SK,OO
N937SW,OO
N679SA,OO
N915SW,OO
N943SW,OO
N913SW,OO
N969SW,OO
N924SW,OO
N787SK,OO
N973SW,OO
N929SW,OO
N794SK,OO
N874AS,OO
N925SW,OO
N715SK,OO
N938SW,OO
N774SK,OO
N752SK,OO
N709SK,OO
N718SK,OO
N927SW,OO
N946SW,OO
N471CA,OO
N916SW,OO
N786SK,OO
N702SK,OO
N912SW,OO
N961SW,OO
N127SY,OO
N119SY,OO
N116SY,OO
N118SY,OO
N930EV,OO
N693BR,OO
N959SW,OO
N976SW,OO
N978SW,OO
N909SW,OO
N727SK,OO
N707SK,OO
N764SK,OO
N121SY,OO
N701SK,OO
N124SY,OO
N149SY,OO
N947SW,OO
N951SW,OO
N948SW,OO
N138SY,OO
N750SK,OO
N708SK,OO
N789SK,OO
N150SY,OO
N142SY,OO
N713SK,OO
N130SY,OO
N143SY,OO
N133SY,OO
N103SY,OO
N120SY,OO
N106SY,OO
N144SY,OO
N125SY,OO
N135SY,OO
N134SY,OO
N114SY,OO
N128SY,OO
N122SY,OO
N146SY,OO
N148SY,OO
N132SY,OO
N105SY,OO
N417SW,OO
N441SW,OO
N440SW,OO
N889AS,OO
N442SW,OO
N934SW,OO
N928EV,OO
N908SW,OO
N983SW,OO
N917SW,OO
N952SW,OO
N980SW,OO
N785SK,OO
N706SK,OO
N988CA,OO
N986SW,OO
N790SK,OO
N716SK,OO
N773SK,OO
N141SY,OO
N145SY,OO
N824AS,OO
N967SW,OO
N983CA,OO
N139SY,OO
N107SY,OO
N136SY,OO
N453SW,OO
N498CA,OO
N8933B,OO
N875AS,OO
N445SW,OO
N225AG,OO
N216AG,OO
N227AG,OO
N224AG,OO
N215AG,OO
N223AG,OO
N217AG,OO
N218AG,OO
N631SK,OO
N110SY,OO
N941SW,OO
N108SY,OO
N975SW,OO
N614SK,OO
N175SY,OO
N173SY,OO
N174SY,OO
N171SY,OO
N170SY,OO
N219AG,OO
N932SW,OO
N57439,UA
N401UA,UA
N76065,UA
N76054,UA
N28457,UA
N17105,UA
N37437,UA
N66803,UA
N210UA,UA
N779UA,UA
N68834,UA
N35407,UA
N820UA,UA
N19130,UA
N78511,UA
N78866,UA
N406UA,UA
N76288,UA
N35271,UA
N546UA,UA
N61881,UA
N786UA,UA
N431UA,UA
N447UA,UA
N67846,UA
N69824,UA
N402UA,UA
N33203,UA
N69810,UA
N37273,UA
N24211,UA
N37253,UA
N851UA,UA
N596UA,UA
N33289,UA
N465UA,UA
N839UA,UA
N68807,UA
N77865,UA
N467UA,UA
N811UA,UA
N413UA,UA
N419UA,UA
N816UA,UA
N830UA,UA
N63820,UA
N54711,UA
N444UA,UA
N772UA,UA
N415UA,UA
N409UA,UA
N485UA,UA
N68836,UA
N829UA,UA
N66837,UA
N75432,UA
N417UA,UA
N548UA,UA
N850UA,UA
N38257,UA
N37255,UA
N33284,UA
N831UA,UA
N464UA,UA
N463UA,UA
N78524,UA
N404UA,UA
N457UA,UA
N434UA,UA
N847UA,UA
N17104,UA
N423UA,UA
N595UA,UA
N53441,UA
N477UA,UA
N12125,UA
N73275,UA
N36444,UA
N411UA,UA
N66814,UA
N836UA,UA
N76502,UA
N495UA,UA
N432UA,UA
N854UA,UA
N810UA,UA
N215UA,UA
N62849,UA
N491UA,UA
N441UA,UA
N62884,UA
N37422,UA
N36447,UA
N440UA,UA
N73251,UA
N64809,UA
N486UA,UA
N466UA,UA
N843UA,UA
N75426,UA
N67845,UA
N37434,UA
N76516,UA
N68891,UA
N808UA,UA
N814UA,UA
N37468,UA
N37277,UA
N38417,UA
N37427,UA
N437UA,UA
N470UA,UA
N803UA,UA
N13716,UA
N19136,UA
N426UA,UA
N456UA,UA
N484UA,UA
N77431,UA
N17719,UA
N13720,UA
N67827,UA
N69885,UA
N39450,UA
N805UA,UA
N71411,UA
N27477,UA
N588UA,UA
N837UA,UA
N14121,UA
N37465,UA
N849UA,UA
N75433,UA
N58101,UA
N496UA,UA
N73256,UA
N68811,UA
N446UA,UA
N69804,UA
N68452,UA
N453UA,UA
N12114,UA
N39418,UA
N804UA,UA
N821UA,UA
N855UA,UA
N445UA,UA
N37290,UA
N647UA,UA
N809UA,UA
N77520,UA
N76269,UA
N36272,UA
N828UA,UA
N68805,UA
N34460,UA
N69813,UA
N38473,UA
N78285,UA
N832UA,UA
N443UA,UA
N518UA,UA
N807UA,UA
N69839,UA
N79402,UA
N33266,UA
N17752,UA
N61887,UA
N481UA,UA
N841UA,UA
N57870,UA
N78438,UA
N840UA,UA
N38424,UA
N68822,UA
N14242,UA
N502UA,UA
N425UA,UA
N69835,UA
N68817,UA
N38443,UA
N12754,UA
N34282,UA
N11206,UA
N12238,UA
N39728,UA
N38454,UA
N460UA,UA
N448UA,UA
N815UA,UA
N79521,UA
N442UA,UA
N23708,UA
N87507,UA
N16732,UA
N818UA,UA
N427UA,UA
N17245,UA
N845UA,UA
N34455,UA
N802UA,UA
N827UA,UA
N17139,UA
N418UA,UA
N75410,UA
N13113,UA
N801UA,UA
N493UA,UA
N505UA,UA
N65832,UA
N420UA,UA
N69819,UA
N32404,UA
N77258,UA
N23707,UA
N494UA,UA
N73259,UA
N36476,UA
N29961,UA
N812UA,UA
N35236,UA
N25705,UA
N480UA,UA
N473UA,UA
N12221,UA
N66825,UA
N38458,UA
N73270,UA
N482UA,UA
N14118,UA
N37252,UA
N439UA,UA
N37267,UA
N33286,UA
N27733,UA
N27239,UA
N37474,UA
N37471,UA
N39423,UA
N33103,UA
N17244,UA
N26232,UA
N68453,UA
N68801,UA
N33262,UA
N421UA,UA
N14231,UA
N38727,UA
N75854,UA
N26906,UA
N77530,UA
N438UA,UA
N407UA,UA
N37263,UA
N75853,UA
N37408,UA
N36472,UA
N489UA,UA
N75436,UA
N472UA,UA
N822UA,UA
N36247,UA
N53442,UA
N476UA,UA
N17753,UA
N512UA,UA
N31412,UA
N27958,UA
N57868,UA
N26210,UA
N76528,UA
N41140,UA
N56859,UA
N17133,UA
N474UA,UA
N57862,UA
N77867,UA
N834UA,UA
N825UA,UA
N69888,UA
N57863,UA
N848UA,UA
N75858,UA
N62892,UA
N78509,UA
N458UA,UA
N77510,UA
N68802,UA
N36280,UA
N597UA,UA
N69840,UA
N37464,UA
N67815,UA
N13718,UA
N27421,UA
N838UA,UA
N68823,UA
N76517,UA
N69826,UA
N492UA,UA
N73291,UA
N38268,UA
N16701,UA
N497UA,UA
N37281,UA
N37462,UA
N75861,UA
N823UA,UA
N37413,UA
N45440,UA
N455UA,UA
N76522,UA
N76508,UA
N37420,UA
N33132,UA
N587UA,UA
N27901,UA
N29129,UA
N33264,UA
N668UA,UA
N36207,UA
N61882,UA
N18112,UA
N26226,UA
N76523,UA
N15751,UA
N13227,UA
N68061,UA
N26123,UA
N14250,UA
N16703,UA
N48127,UA
N435UA,UA
N72405,UA
N69829,UA
N29124,UA
N77518,UA
N81449,UA
N67812,UA
N37409,UA
N14235,UA
N79279,UA
N14731,UA
N73276,UA
N38446,UA
N34137,UA
N75428,UA
N87513,UA
N73445,UA
N853UA,UA
N27722,UA
N469UA,UA
N12225,UA
N57855,UA
N76515,UA
N34131,UA
N76514,UA
N19141,UA
N14704,UA
N78506,UA
N76505,UA
N819UA,UA
N76254,UA
N13248,UA
N75851,UA
N824UA,UA
N12216,UA
N73406,UA
N24224,UA
N676UA,UA
N69806,UA
N77430,UA
N75425,UA
N842UA,UA
N68821,UA
N33209,UA
N16234,UA
N23721,UA
N66841,UA
N76503,UA
N14120,UA
N37466,UA
N452UA,UA
N76529,UA
N488UA,UA
N21108,UA
N14107,UA
N18223,UA
N14106,UA
N69838,UA
N14219,UA
N416UA,UA
N37274,UA
N33292,UA
N835UA,UA
N12109,UA
N14237,UA
N661UA,UA
N14249,UA
N38403,UA
N69847,UA
N18243,UA
N39463,UA
N498UA,UA
N852UA,UA
N16709,UA
N69830,UA
N26208,UA
N27213,UA
N73283,UA
N30401,UA
N17730,UA
N26215,UA
N13750,UA
N17128,UA
N17229,UA
N69833,UA
N598UA,UA
N422UA,UA
N59053,UA
N212UA,UA
N13138,UA
N16713,UA
N433UA,UA
N782UA,UA
N490UA,UA
N451UA,UA
N24706,UA
N14115,UA
N57864,UA
N68880,UA
N478UA,UA
N543UA,UA
N813UA,UA
N550UA,UA
N37287,UA
N19117,UA
N429UA,UA
N66831,UA
N77261,UA
N63890,UA
N806UA,UA
N27908,UA
N54241,UA
N28478,UA
N14228,UA
N28912,UA
N35260,UA
N62889,UA
N69816,UA
N403UA,UA
N87512,UA
N670UA,UA
N38955,UA
N39475,UA
N13110,UA
N76519,UA
N47414,UA
N414UA,UA
N34222,UA
N833UA,UA
N844UA,UA
N62883,UA
N461UA,UA
N410UA,UA
N76504,UA
N24702,UA
N405UA,UA
N68843,UA
N26909,UA
N75429,UA
N57852,UA
N19951,UA
N18119,UA
N39415,UA
N66808,UA
N37470,UA
N14230,UA
N17233,UA
N68842,UA
N12116,UA
N430UA,UA
N57111,UA
N26910,UA
N674UA,UA
N39461,UA
N57869,UA
N37419,UA
N87531,UA
N39416,UA
N64844,UA
N14102,UA
N61886,UA
N17122,UA
N78448,UA
N449UA,UA
N75435,UA
N69818,UA
N45956,UA
N459UA,UA
N66051,UA
N119UA,UA
N29717,UA
N479UA,UA
N36469,UA
N77525,UA
N24202,UA
N128UA,UA
N38451,UA
N27205,UA
N817UA,UA
N37456,UA
N483UA,UA
N408UA,UA
N36962,UA
N589UA,UA
N27903,UA
N213UA,UA
N76526,UA
N15710,UA
N471UA,UA
N24212,UA
N45905,UA
N33714,UA
N66848,UA
N27246,UA
N14214,UA
N38950,UA
N24715,UA
N66056,UA
N768UA,UA
N87527,UA
N568UA,UA
N667UA,UA
N66828,UA
N35204,UA
N38467,UA
N665UA,UA
N38459,UA
N428UA,UA
N69059,UA
N29907,UA
N13954,UA
N672UA,UA
N67058,UA
N18220,UA
N436UA,UA
N666UA,UA
N12218,UA
N76064,UA
N26960,UA
N76055,UA
N795UA,UA
N16217,UA
N846UA,UA
N673UA,UA
N78060,UA
N780UA,UA
N791UA,UA
N424UA,UA
N78501,UA
N30913,UA
N771UA,UA
N677UA,UA
N69063,UA
N774UA,UA
N487UA,UA
N76265,UA
N26902,UA
N675UA,UA
N669UA,UA
N218UA,UA
N35953,UA
N784UA,UA
N27957,UA
N204UA,UA
N73278,UA
N17126,UA
N468UA,UA
N66057,UA
N27959,UA
N475UA,UA
N228UA,UA
N219UA,UA
N76062,UA
N77066,UA
N454UA,UA
N775UA,UA
N73860,UA
N788UA,UA
N590UA,UA
N826UA,UA
N20904,UA
N641UA,UA
N220UA,UA
N118UA,UA
N462UA,UA
N57857,UA
N27724,UA
N21723,UA
N510UA,UA
N657UA,UA
N799UA,UA
N26952,UA
N77871,UA
N67052,UA
N216UA,UA
N656UA,UA
N177UA,UA
N644UA,UA
N671UA,UA
N798UA,UA
N778UA,UA
N211UA,UA
N225UA,UA
N24729,UA
N781UA,UA
N197UA,UA
N544UA,UA
N796UA,UA
N221UA,UA
N74856,UA
N773UA,UA
N224UA,UA
N283VA,VX
N839VA,VX
N627VA,VX
N840VA,VX
N521VA,VX
N848VA,VX
N842VA,VX
N847VA,VX
N854VA,VX
N846VA,VX
N641VA,VX
N836VA,VX
N642VA,VX
N284VA,VX
N653UA,UA
N526VA,VX
N622VA,VX
N636VA,VX
N843VA,VX
N838VA,VX
N631VA,VX
N524VA,VX
N845VA,VX
N635VA,VX
N849VA,VX
N844VA,VX
N640VA,VX
N851VA,VX
N852VA,VX
N835VA,VX
N630VA,VX
N523VA,VX
N841VA,VX
N855VA,VX
N626VA,VX
N624VA,VX
N837VA,VX
N629VA,VX
N361VA,VX
N638VA,VX
N634VA,VX
N639VA,VX
N625VA,VX
N621VA,VX
N633VA,VX
N623VA,VX
N637VA,VX
N853VA,VX
N281VA,VX
N632VA,VX
N525VA,VX
N522VA,VX
N528VA,VX
N529VA,VX
N530VA,VX
N527VA,VX
N282VA,VX
N628VA,VX
N769UA,UA
N285VA,VX
N7728D,WN
N687SW,WN
N8659D,WN
N250WN,WN
N263WN,WN
N466WN,WN
N457WN,WN
N8306H,WN
N365SW,WN
N608SW,WN
N8615E,WN
N654SW,WN
N387SW,WN
N627SW,WN
N446WN,WN
N7834A,WN
N419WN,WN
N420WN,WN
N460WN,WN
N8656B,WN
N445WN,WN
N233LV,WN
N963WN,WN
N628SW,WN
N637SW,WN
N7812G,WN
N465WN,WN
N289CT,WN
N785SW,WN
N737JW,WN
N227WN,WN
N406WN,WN
N7816B,WN
N8305E,WN
N8644C,WN
N958WN,WN
N438WN,WN
N353SW,WN
N463WN,WN
N787SA,WN
N221WN,WN
N208WN,WN
N461WN,WN
N7745A,WN
N764SW,WN
N7826B,WN
N491WN,WN
N638SW,WN
N391SW,WN
N658SW,WN
N215WN,WN
N210WN,WN
N206WN,WN
N360SW,WN
N641SW,WN
N260WN,WN
N7731A,WN
N282WN,WN
N284WN,WN
N754SW,WN
N8663A,WN
N7706A,WN
N259WN,WN
N739GB,WN
N202WN,WN
N295WN,WN
N428WN,WN
N410WN,WN
N7737E,WN
N7701B,WN
N706SW,WN
N291WN,WN
N961WN,WN
N248WN,WN
N933WN,WN
N340LV,WN
N426WN,WN
N498WN,WN
N910WN,WN
N763SW,WN
N940WN,WN
N930WN,WN
N225WN,WN
N553WN,WN
N734SA,WN
N241WN,WN
N729SW,WN
N286WN,WN
N205WN,WN
N652SW,WN
N636WN,WN
N941WN,WN
N254WN,WN
N514SW,WN
N7751A,WN
N234WN,WN
N476WN,WN
N942WN,WN
N427WN,WN
N207WN,WN
N7730A,WN
N432WN,WN
N768SW,WN
N8657B,WN
N929WN,WN
N380SW,WN
N904WN,WN
N7817J,WN
N633SW,WN
N290WN,WN
N239WN,WN
N750SA,WN
N7703A,WN
N226WN,WN
N7729A,WN
N645SW,WN
N317WN,WN
N697SW,WN
N550WN,WN
N439WN,WN
N483WN,WN
N646SW,WN
N619SW,WN
N7727A,WN
N965WN,WN
N7735A,WN
N232WN,WN
N644SW,WN
N7712G,WN
N497WN,WN
N558WN,WN
N7823A,WN
N261WN,WN
N944WN,WN
N8646B,WN
N8629A,WN
N7710A,WN
N524SW,WN
N425LV,WN
N8303R,WN
N401WN,WN
N790SW,WN
N238WN,WN
N765SW,WN
N617SW,WN
N243WN,WN
N204WN,WN
N273WN,WN
N386SW,WN
N8618N,WN
N771SA,WN
N755SA,WN
N356SW,WN
N400WN,WN
N453WN,WN
N275WN,WN
N8601C,WN
N7713A,WN
N713SW,WN
N216WR,WN
N364SW,WN
N7709A,WN
N782SA,WN
N8613K,WN
N606SW,WN
N7707C,WN
N8602F,WN
N960WN,WN
N467WN,WN
N257WN,WN
N484WN,WN
N912WN,WN
N7843A,WN
N931WN,WN
N799SW,WN
N956WN,WN
N264LV,WN
N277WN,WN
N925WN,WN
N601WN,WN
N7814B,WN
N492WN,WN
N443WN,WN
N485WN,WN
N478WN,WN
N614SW,WN
N382SW,WN
N616SW,WN
N477WN,WN
N554WN,WN
N359SW,WN
N570WN,WN
N937WN,WN
N967WN,WN
N557WN,WN
N789SW,WN
N479WN,WN
N935WN,WN
N7744A,WN
N7752B,WN
N647SW,WN
N902WN,WN
N751SW,WN
N8647A,WN
N431WN,WN
N8610A,WN
N7830A,WN
N794SW,WN
N916WN,WN
N742SW,WN
N268WN,WN
N943WN,WN
N786SW,WN
N480WN,WN
N224WN,WN
N7741C,WN
N7740A,WN
N968WN,WN
N563WN,WN
N731SA,WN
N448WN,WN
N440LV,WN
N7818L,WN
N7831B,WN
N733SA,WN
N7822A,WN
N211WN,WN
N8608N,WN
N405WN,WN
N908WN,WN
N8655D,WN
N791SW,WN
N7716A,WN
N561WN,WN
N481WN,WN
N685SW,WN
N611SW,WN
N490WN,WN
7820L,WN
N562WN,WN
N7827A,WN
N8328A,WN
N399WN,WN
N474WN,WN
N8611F,WN
N8313F,WN
N272WN,WN
N8669B,WN
N403WN,WN
N781WN,WN
N217JC,WN
N726SW,WN
N8322X,WN
N255WN,WN
N780SW,WN
N7746C,WN
N407WN,WN
N297WN,WN
N7705A,WN
N464WN,WN
N8325D,WN
N7748A,WN
N918WN,WN
N8645A,WN
N8307K,WN
N8607M,WN
N430WN,WN
N7719A,WN
N629SW,WN
N7833A,WN
N270WN,WN
N416WN,WN
N8671D,WN
N8638A,WN
N962WN,WN
N7718B,WN
N7749B,WN
N249WN,WN
N797MX,WN
N8654B,WN
N913WN,WN
N267WN,WN
N8628A,WN
N623SW,WN
N8609A,WN
N494WN,WN
N266WN,WN
N472WN,WN
N8633A,WN
N745SW,WN
N437WN,WN
N8620H,WN
N624SW,WN
N901WN,WN
N392SW,WN
N8667D,WN
N8314L,WN
N717SA,WN
N8651A,WN
N469WN,WN
N744SW,WN
N954WN,WN
N966WN,WN
N700GS,WN
N8308K,WN
N7726A,WN
N251WN,WN
N796SW,WN
N482WN,WN
N246LV,WN
N212WN,WN
N8627B,WN
N8612K,WN
N444WN,WN
N7828A,WN
N735SA,WN
N923WN,WN
N609SW,WN
N409WN,WN
N487WN,WN
N8625A,WN
N493WN,WN
N200WN,WN
N779SW,WN
N8642E,WN
N298WN,WN
N7711N,WN
N905WN,WN
N421LV,WN
N218WN,WN
N486WN,WN
N8652B,WN
N969WN,WN
N280WN,WN
N7734H,WN
N8617E,WN
N515SW,WN
N521SW,WN
N8329B,WN
N8319F,WN
N525SW,WN
N939WN,WN
N522SW,WN
N352SW,WN
N915WN,WN
N795SW,WN
N8326F,WN
N792SW,WN
N8604K,WN
N8631A,WN
N8324A,WN
N7733B,WN
N552WN,WN
N520SW,WN
N600WN,WN
N934WN,WN
N8327A,WN
N8624J,WN
N8605E,WN
N8664J,WN
N240WN,WN
N7813P,WN
N496WN,WN
N372SW,WN
N559WN,WN
N928WN,WN
N8619F,WN
N434WN,WN
N951WN,WN
N526SW,WN
N738CB,WN
N959WN,WN
N450WN,WN
N732SW,WN
N7811F,WN
N8632A,WN
N957WN,WN
N715SW,WN
N499WN,WN
N473WN,WN
N752SW,WN
N766SW,WN
N663SW,WN
N798SW,WN
N8600F,WN
N669SW,WN
N917WN,WN
N936WN,WN
N555LV,WN
N749SW,WN
N269WN,WN
N784SW,WN
N489WN,WN
N7821L,WN
N411WN,WN
N383SW,WN
N7715E,WN
N564WN,WN
N417WN,WN
N8311Q,WN
N938WN,WN
N567WN,WN
N952WN,WN
N718SW,WN
N7844A,WN
N615SW,WN
N8309C,WN
N8660A,WN
N8634A,WN
N7720F,WN
N293WN,WN
N374SW,WN
N657SW,WN
N366SW,WN
N389SW,WN
N424WN,WN
N462WN,WN
N203WN,WN
N363SW,WN
N8622A,WN
N788SA,WN
N456WN,WN
N7742B,WN
N747SA,WN
N441WN,WN
N8649A,WN
N262WN,WN
N903WN,WN
N235WN,WN
N8648A,WN
N776WN,WN
N640SW,WN
N736SA,WN
N660SW,WN
N653SW,WN
N8639B,WN
N8621A,WN
N772SW,WN
N566WN,WN
N244WN,WN
N8673F,WN
N8310C,WN
N7732A,WN
N639SW,WN
N8640D,WN
N396SW,WN
N603SW,WN
N358SW,WN
N402WN,WN
N294WN,WN
N220WN,WN
N385SW,WN
N395SW,WN
N953WN,WN
N276WN,WN
N778SW,WN
N793SA,WN
N767SW,WN
N761RR,WN
N924WN,WN
N701GS,WN
N8635F,WN
N569WN,WN
N932WN,WN
N746SW,WN
N946WN,WN
N769SW,WN
N949WN,WN
N285WN,WN
N7736A,WN
N602SW,WN
N7825A,WN
N947WN,WN
N964WN,WN
N292WN,WN
N756SA,WN
N741SA,WN
N7708E,WN
N716SW,WN
N8606C,WN
N495WN,WN
N414WN,WN
N921WN,WN
N256WN,WN
N719SW,WN
N727SW,WN
N415WN,WN
N656SW,WN
N355SW,WN
N394SW,WN
N728SW,WN
N556WN,WN
N8323C,WN
N231WN,WN
N422WN,WN
N222WN,WN
N8317M,WN
N8616C,WN
N258WN,WN
N8320J,WN
N604SW,WN
N7743B,WN
N8670A,WN
N725SW,WN
N927WN,WN
N213WN,WN
N488WN,WN
N777QC,WN
N7747C,WN
N914WN,WN
N442WN,WN
N523SW,WN
N618WN,WN
N436WN,WN
N7702A,WN
N458WN,WN
N922WN,WN
N711HK,WN
N7832A,WN
N948WN,WN
N8614M,WN
N551WN,WN
N435WN,WN
N7721E,WN
N626SW,WN
N429WN,WN
N8315C,WN
N620SW,WN
N271LV,WN
N774SW,WN
N287WN,WN
N705SW,WN
N648SW,WN
N361SW,WN
N8312C,WN
N8643A,WN
N8623F,WN
N8658A,WN
N707SA,WN
N8637A,WN
N643SW,WN
N412WN,WN
N8674B,WN
N659SW,WN
N8662F,WN
N759GS,WN
N451WN,WN
N650SW,WN
N8630B,WN
N694SW,WN
N433LV,WN
N920WN,WN
N724SW,WN
N242WN,WN
N265WN,WN
N783SW,WN
N229WN,WN
N7725A,WN
N613SW,WN
N468WN,WN
N8641B,WN
N408WN,WN
N253WN,WN
N950WN,WN
N720WN,WN
N773SA,WN
N279WN,WN
N8675A,WN
N8301J,WN
N459WN,WN
N354SW,WN
N209WN,WN
N245WN,WN
N7717D,WN
N8665D,WN
N368SW,WN
N475WN,WN
N926WN,WN
N7714B,WN
N296WN,WN
N8661A,WN
N709SW,WN
N710SW,WN
N770SA,WN
N281WN,WN
N900WN,WN
N712SW,WN
N762SW,WN
N651SW,WN
N500WR,WN
N7704B,WN
N288WN,WN
N388SW,WN
N470WN,WN
N299WN,WN
N757LV,WN
N447WN,WN
N449WN,WN
N201LV,WN
N413WN,WN
N630WN,WN
N8668A,WN
N7739A,WN
N8672F,WN
N376SW,WN
N423WN,WN
N7829B,WN
N223WN,WN
N708SW,WN
N367SW,WN
N404WN,WN
N730SW,WN
N247WN,WN
N237WN,WN
N919WN,WN
N906WN,WN
N373SW,WN
N568WN,WN
N565WN,WN
N945WN,WN
N370SW,WN
N8603F,WN
N274WN,WN
N418WN,WN
N7723E,WN
N7738A,WN
N714CB,WN
N8318F,WN
N7815L,WN
N8321D,WN
N8626B,WN
N560WN,WN
N283WN,WN
N8676A,WN
N228WN,WN
N758SW,WN
N8653A,WN
N252WN,WN
N8316H,WN
N642WN,WN
N219WN,WN
N378SW,WN
N631SW,WN
N684WN,WN
N8650F,WN
N527SW,WN
N398SW,WN
7819A,WN
N345SA,WN
N278WN,WN
N775SW,WN
N7722B,WN
N214WN,WN
N7724A,WN
N740SW,WN
N8302F,WN
N621SW,WN
N665WN,WN
N230WN,WN
N369SW,WN
N375SW,WN
N909WN,WN
N748SW,WN
N379SW,WN
N955WN,WN
N7750A,WN
N635SW,WN
N384SW,WN
N907WN,WN
N455WN,WN
N7835A,WN
N704SW,WN
N610WN,WN
N743SW,WN
N454WN,WN
N607SW,WN
N236WN,WN
N760SW,WN
N723SW,WN
N397SW,WN
N622SW,WN
N703SW,WN
N362SW,WN
N390SW,WN
N452WN,WN
N357SW,WN
N4YBAA,AA
N434AA,AA
N541AA,AA
N489AA,AA
N439AA,AA
N468AA,AA
N569AA,AA
N466AA,AA
N501AA,AA
N438AA,AA
N426AA,AA
N566AA,AA
N499AA,AA
N4YPAA,AA
N520AA,AA
N547AA,AA
N4XBAA,AA
N504AA,AA
N4XPAA,AA
N4UCAA,AA
N514AA,AA
N471AA,AA
N4XVAA,AA
N4XGAA,AA
N4YEAA,AA
N565AA,AA
N4WJAA,AA
N4YLAA,AA
N4XWAA,AA
N3HMAA,AA
N3BDAA,AA
N3KJAA,AA
N3FWAA,AA
N3ESAA,AA
N3JDAA,AA
N3JXAA,AA
N3JYAA,AA
N3GPAA,AA
N3HXAA,AA
N3DWAA,AA
N3MLAA,AA
N3HAAA,AA
N3FTAA,AA
N3KAAA,AA
N3CXAA,AA
N3GMAA,AA
N3LEAA,AA
N3HSAA,AA
N3JNAA,AA
N3KTAA,AA
N3BUAA,AA
N3DGAA,AA
N3MNAA,AA
N3DDAA,AA
N3MYAA,AA
N3CJAA,AA
N3CEAA,AA
N3MRAA,AA
N3KRAA,AA
N3MWAA,AA
N3KPAA,AA
N3AEAA,AA
N3FXAA,AA
N3JUAA,AA
N3LBAA,AA
N3JBAA,AA
N3NAAA,AA
N3ADAA,AA
N3APAA,AA
N3BVAA,AA
N3GDAA,AA
N3MUAA,AA
N3JSAA,AA
N3GBAA,AA
N3DVAA,AA
N3GHAA,AA
N3ABAA,AA
N3JRAA,AA
N3EAAA,AA
N3DXAA,AA
N3JVAA,AA
N3BWAA,AA
N3FKAA,AA
N3LMAA,AA
N3MAAA,AA
N3LTAA,AA
N3LUAA,AA
N3LRAA,AA
N3LHAA,AA
N3LKAA,AA
N3LXAA,AA
N3MFAA,AA
N3MKAA,AA
N3LDAA,AA
N3LGAA,AA
N3LFAA,AA
N3LVAA,AA
N3JHAA,AA
N3LCAA,AA
N3LLAA,AA
N3MHAA,AA
N3LNAA,AA
N3MBAA,AA
N3MCAA,AA
N3MGAA,AA
N3MEAA,AA
N885AA,AA
N877AA,AA
N870AA,AA
N873AA,AA
N883AA,AA
N871AA,AA
N875AA,AA
N867AA,AA
N882AA,AA
N874AA,AA
N881AA,AA
N872AA,AA
N866AA,AA
N879AA,AA
N884AA,AA
N878AA,AA
N880AA,AA
N480AA,AA
N4WKAA,AA
N4YUAA,AA
N564AA,AA
N482AA,AA
N4YAAA,AA
N473AA,AA
N4XTAA,AA
N4YCAA,AA
N4XRAA,AA
N502AA,AA
N4XLAA,AA
N590AA,AA
N4XFAA,AA
N4YSAA,AA
N4XXAA,AA
N4XEAA,AA
N477AA,AA
N437AA,AA
N484AA,AA
N403AA,AA
N4XUAA,AA
N486AA,AA
N4XJAA,AA
N467AA,AA
N4YTAA,AA
N548AA,AA
N570AA,AA
N4XMAA,AA
N479AA,AA
N4XDAA,AA
N4WNAA,AA
N474AA,AA
N3LPAA,AA
N3MDAA,AA
N3JFAA,AA
N3LYAA,AA
N3LSAA,AA
N3CUAA,AA
N3MJAA,AA
N3EWAA,AA
N3HYAA,AA
N3CYAA,AA
N3JJAA,AA
N3EEAA,AA
N3BGAA,AA
N3CLAA,AA
N3AVAA,AA
N3GXAA,AA
N3FYAA,AA
N3ENAA,AA
N3AXAA,AA
N3ELAA,AA
N3MVAA,AA
N3GCAA,AA
N3GUAA,AA
N3GYAA,AA
N3MMAA,AA
N3KXAA,AA
N3NBAA,AA
N3LAAA,AA
N3JMAA,AA
N3CMAA,AA
N3BMAA,AA
N3ARAA,AA
N3EGAA,AA
N3JKAA,AA
N3AGAA,AA
N3KYAA,AA
N3GKAA,AA
N3KCAA,AA
N3KWAA,AA
N3CVAA,AA
N3CWAA,AA
N3KUAA,AA
N3HLAA,AA
N3BAAA,AA
N3FHAA,AA
N3FRAA,AA
N3ERAA,AA
N3DUAA,AA
N3ALAA,AA
N3EFAA,AA
N3EPAA,AA
N3JEAA,AA
N3NDAA,AA
N3HCAA,AA
N3ASAA,AA
N3HTAA,AA
N3EJAA,AA
N3HEAA,AA
N3KHAA,AA
N3KNAA,AA
N3DNAA,AA
N3GAAA,AA
N3CCAA,AA
N3AHAA,AA
N3DAAA,AA
N3GJAA,AA
N3ANAA,AA
N3KBAA,AA
N3FNAA,AA
N850AA,AA
N855AA,AA
N864AA,AA
N862AA,AA
N859AA,AA
N865AA,AA
N861AA,AA
N857AA,AA
N863AA,AA
N852AA,AA
N858AA,AA
N860AA,AA
N853AA,AA
N854AA,AA
N856AA,AA
N368AA,AA
N383AA,AA
N365AA,AA
N5ERAA,AA
N5ETAA,AA
N851AA,AA
N5FMAA,AA
N5EWAA,AA
N5DKAA,AA
N3AYAA,AA
N5FEAA,AA
N7ABAA,AA
N387AA,AA
N346AA,AA
N7AVAA,AA
N390AA,AA
N353AA,AA
N389AA,AA
N377AA,AA
N384AA,AA
N367AA,AA
N5EXAA,AA
N5FFAA,AA
N5EYAA,AA
N5FSAA,AA
N5FCAA,AA
N5FJAA,AA
N5ELAA,AA
N5DGAA,AA
N5EPAA,AA
N5EUAA,AA
N5EAAA,AA
N5DVAA,AA
N021AA,AA
N3CGAA,AA
N015AA,AA
N010AA,AA
N3HHAA,AA
N3DEAA,AA
N3CDAA,AA
N3BJAA,AA
N3BHAA,AA
N3KLAA,AA
N3FUAA,AA
N3BPAA,AA
N3BRAA,AA
N3HKAA,AA
N3FPAA,AA
N3DFAA,AA
N3KVAA,AA
N3JAAA,AA
N3DYAA,AA
N381AA,AA
N393AA,AA
N349AA,AA
N396AA,AA
N399AA,AA
N350AA,AA
N395AA,AA
N391AA,AA
N342AA,AA
N369AA,AA
N5FTAA,AA
N7BNAA,AA
N397AA,AA
N392AA,AA
N373AA,AA
N385AA,AA
N344AA,AA
N343AA,AA
N5FHAA,AA
N7BGAA,AA
N379AA,AA
N5ESAA,AA
N5EKAA,AA
N352AA,AA
N362AA,AA
N356AA,AA
N388AA,AA
N398AA,AA
N3CTAA,AA
N3EUAA,AA
N3FGAA,AA
N3NCAA,AA
N3FVAA,AA
N3HVAA,AA
N3DMAA,AA
N3BFAA,AA
N3ECAA,AA
N3GSAA,AA
N3CHAA,AA
N3EKAA,AA
N3CRAA,AA
N3AMAA,AA
N3FSAA,AA
N3BXAA,AA
N361AA,AA
N354AA,AA
N3JPAA,AA
N3EBAA,AA
N3FBAA,AA
N3EVAA,AA
N3FAAA,AA
N3BNAA,AA
N3BCAA,AA
N3HPAA,AA
N869AA,AA
N868AA,AA
N876AA,AA
N3EDAA,AA
N3GVAA,AA
N3FEAA,AA
N3EXAA,AA
N3JTAA,AA
N3HUAA,AA
N3HJAA,AA
N3AUAA,AA
N3GTAA,AA
N3GFAA,AA
N3CSAA,AA
N3JCAA,AA
N3BEAA,AA
N3GEAA,AA
N3DRAA,AA
N3BKAA,AA
N3MXAA,AA
N3JGAA,AA
N3GRAA,AA
N3KDAA,AA
N3GGAA,AA
N3DPAA,AA
N3KFAA,AA
N3HDAA,AA
N3FLAA,AA
N3DSAA,AA
N3LJAA,AA
N3HNAA,AA
N3HWAA,AA
N3DHAA,AA
N487AA,AA
N3FJAA,AA
N3GWAA,AA
N3HGAA,AA
N3JLAA,AA
N3GLAA,AA
N3KSAA,AA
N3CPAA,AA
N3KKAA,AA
N3ACAA,AA
N3FCAA,AA
N3BBAA,AA
N436AA,AA
N496AA,AA
N4YRAA,AA
N472AA,AA
N4YFAA,AA
N493AA,AA
N555AA,AA
N485AA,AA
N5FPAA,AA
N5FGAA,AA
N5FNAA,AA
N5ECAA,AA
N5DJAA,AA
N7AUAA,AA
N3LWAA,AA
N3KGAA,AA
N796AA,AA
N799AA,AA
N797AA,AA
N793AA,AA
N784AA,AA
N5EVAA,AA
N7ASAA,AA
N5FDAA,AA
N5FRAA,AA
N7LLAA,AA
N4YDAA,AA
N513AA,AA
N4XSAA,AA
N4UBAA,AA
N425AA,AA
N4XCAA,AA
N571AA,AA
N3DLAA,AA
N5FLAA,AA
N5FKAA,AA
N5FBAA,AA
N5FAAA,AA
N028AA,AA
N351AA,AA
N3DBAA,AA
N3AJAA,AA
N792AA,AA
N3MPAA,AA
N3EHAA,AA
N3ATAA,AA
N3CAAA,AA
N3BTAA,AA
N3CNAA,AA
N3DCAA,AA
N3HBAA,AA
N7AXAA,AA
N7AJAA,AA
N7BYAA,AA
N7BEAA,AA
N7BBAA,AA
N7BXAA,AA
N7AYAA,AA
N7ANAA,AA
N7AFAA,AA
N7BCAA,AA
N7ACAA,AA
N7ARAA,AA
N7ALAA,AA
N7BMAA,AA
N7CAAA,AA
N7AAAA,AA
N3HFAA,AA
N3CBAA,AA
N3FDAA,AA
N785AA,AA
N3DJAA,AA
N3KMAA,AA
N3CFAA,AA
N3FMAA,AA
N3AFAA,AA
N3DTAA,AA
N3ETAA,AA
N3CKAA,AA
N3JWAA,AA
N795AA,AA
N786AA,AA
N791AA,AA
N788AA,AA
N787AA,AA
N794AA,AA
N790AA,AA
N789AA,AA
N783AA,AA
N798AA,AA
N382AA,AA
N348AA,AA
N469AA,AA
N4XHAA,AA
N481AA,AA
N550AA,AA
N470AA,AA
N375AA,AA
N347AA,AA
N345AA,AA
N378AA,AA
N5DEAA,AA
N5EHAA,AA
N5DFAA,AA
N5EJAA,AA
N3KEAA,AA
N3BYAA,AA
N3FFAA,AA
N3HRAA,AA
N3EMAA,AA
N4WTAA,AA
N4YNAA,AA
N424AA,AA
N488AA,AA
N4XYAA,AA
N3AAAA,AA
N011AA,AA
N014AA,AA
N024AA,AA
N019AA,AA
N018AA,AA
N025AA,AA
N029AA,AA
N009AA,AA
N022AA,AA
N031AA,AA
N003AA,AA
N008AA,AA
N004AA,AA
N002AA,AA
N027AA,AA
N017AA,AA
N020AA,AA
N3EYAA,AA
N3BLAA,AA
N005AA,AA
N030AA,AA
N007AA,AA
N016AA,AA
N012AA,AA
N026AA,AA
N023AA,AA
N567AA,AA
N528AA,AA
N4WMAA,AA
N032AA,AA
N013AA,AA
N475AA,AA
N483AA,AA
N3AKAA,AA
N494AA,AA
N3GNAA,AA
N7LKAA,AA
N7LHAA,AA
N7LTAA,AA
N006AA,AA
N4WLAA,AA
N581AA,AA
N4XKAA,AA
N366AA,AA
N7AHAA,AA
N7BAAA,AA
N7CBAA,AA
N7BPAA,AA
N5DHAA,AA
N394AA,AA
N001AA,AA
N7BVAA,AA
N7BLAA,AA
N7BWAA,AA
N7ADAA,AA
N7BKAA,AA
N7BFAA,AA
N7AWAA,AA
N7AMAA,AA
N7BHAA,AA
N7AGAA,AA
N887AA,AA
N7LDAA,AA
N7LUAA,AA
N7LMAA,AA
N7LNAA,AA
N7LBAA,AA
N7LCAA,AA
N7LFAA,AA
N7LPAA,AA
N7LSAA,AA
N7LGAA,AA
N7LEAA,AA
N5ENAA,AA
N7AEAA,AA
N7AKAA,AA
N7BSAA,AA
N7BDAA,AA
N3AWAA,AA
N5CKAA,AA
N7LJAA,AA
N7ATAA,AA
N8ABAA,AA
N8AAAA,AA
N8AMAA,AA
N8ALAA,AA
N8AEAA,AA
N8AJAA,AA
N8AHAA,AA
N8AFAA,AA
N8ADAA,AA
N8ACAA,AA
N8AKAA,AA
N8AGAA,AA
N8ANAA,AA
N769US,AA
N649AW,AA
N970UY,AA
N108UW,AA
N825AW,AA
N817AW,AA
N669AW,AA
N902AW,AA
N602AW,AA
N910AW,AA
N201UU,AA
N712US,AA
N676AW,AA
N286AY,AA
N204UW,AA
N704US,AA
N279AY,AA
N271AY,AA
N283AY,AA
N274AY,AA
N273AY,AA
N537AS,AS
N533AS,AS
N581AS,AS
N559AS,AS
N519AS,AS
N577AS,AS
N516AS,AS
N569AS,AS
N763AS,AS
N762AS,AS
N793AS,AS
N607AS,AS
N536AS,AS
N797AS,AS
N626AS,AS
N517AS,AS
N756AS,AS
N597JB,B6
N955JB,B6
N285AY,AA
N549US,DL
N851DN,DL
N550NW,DL
N837MH,DL
N813NW,DL
N360NW,DL
N690DL,DL
N833MH,DL
N838MH,DL
N945AT,DL
N350NA,DL
N829MH,DL
N826MH,DL
N704DK,DL
N696DL,DL
N845MH,DL
N825MH,DL
N990DL,DL
N842MH,DL
N362NB,DL
N828MH,DL
N697DL,DL
N996DL,DL
N840MH,DL
N493AS,AS
N834MH,DL
N843MH,DL
N961JB,B6
N852DN,DL
N710DN,DL
N836MH,DL
N707DN,DL
N1200K,DL
N804JB,B6
N171DZ,DL
N172DZ,DL
N892AT,DL
N866DA,DL
N827MH,DL
N826NW,DL
N863DA,DL
N831MH,DL
N674US,DL
N498SW,WN
N7820J,WN
N8677A,WN
N17963,UA
N67134,UA
N634SW,WN
N439SW,OO
N41135,UA
N66893,UA
N412UA,UA
N27734,UA
N14240,UA
N8678E,WN
N7846A,WN
N632SW,WN
N612SW,WN
N655WN,WN
N121UA,UA
N625SW,WN
N8679A,WN
N8680C,WN
N177SY,OO
N176SY,OO
N227UA,UA
N78013,UA
N27964,UA
N174UA,UA
N178UA,UA
N794UA,UA
N654UA,UA
N206UA,UA
N792UA,UA
N214UA,UA
N229UA,UA
N179UA,UA
N222UA,UA
N797UA,UA
N217UA,UA
N783UA,UA
N886AA,AA
N7BRAA,AA
N7CCAA,AA
N380AA,AA
N3NEAA,AA
N7LRAA,AA
N7BJAA,AA
N7BUAA,AA
N7LAAA,AA
N3NFAA,AA
N7BTAA,AA
N3BSAA,AA
N8APAA,AA
N705UW,AA
N494AS,AS
N3NVAA,AA
N892AA,AA
N894AA,AA
N890AA,AA
N897AA,AA
N896AA,AA
N989AA,AA
N893AA,AA
N891AA,AA
N987AA,AA
N991AA,AA
N993AA,AA
N889AA,AA
N990AA,AA
N895AA,AA
N898AA,AA
N3NUAA,AA
N3NPAA,AA
N3NHAA,AA
N3NSAA,AA
N3NWAA,AA
N3NTAA,AA
N3NNAA,AA
N3NGAA,AA
N899AA,AA
N992AA,AA
N986AA,AA
N3NJAA,AA
N994AA,AA
N3NXAA,AA
N988AA,AA
N888AA,AA
N3NRAA,AA
N119AA,AA
N3NKAA,AA
N8ATAA,AA
N3NMAA,AA
N7LVAA,AA
N7LWAA,AA
N3NLAA,AA
N7APAA,AA
N8ARAA,AA
N8ASAA,AA
N813AA,AA
N601AA,AA
N662AA,AA
N678AA,AA
N647AA,AA
N649AA,AA
N653AA,AA
N652AA,AA
N664AA,AA
N673AA,AA
N660AA,AA
N667AA,AA
N661AA,AA
N659AA,AA
N657AA,AA
N665AA,AA
N675AA,AA
N651AA,AA
N680AA,AA
N668AA,AA
N819AA,AA
N655AA,AA
N656AA,AA
N650AA,AA
N654AA,AA
N679AA,AA
N829AA,AA
N669AA,AA
N672AA,AA
N122AA,AA
N839AA,AA
N838AA,AA
N748AA,AA
N587AA,AA
N763AA,AA
N752AA,AA
N917AA,AA
N150AA,AA
N975AA,AA
N108AA,AA
N112AA,AA
N110AA,AA
N507AA,AA
N978AA,AA
N836AA,AA
N915AA,AA
N535AA,AA
N185AA,AA
N554AA,AA
N971AA,AA
N196AA,AA
N542AA,AA
N563AA,AA
N982AA,AA
N559AA,AA
N972AA,AA
N551AA,AA
N980AA,AA
N924AA,AA
N199AA,AA
N198AA,AA
N519AA,AA
N188AA,AA
N534AA,AA
N977AA,AA
N536AA,AA
N974AA,AA
N913AA,AA
N157AA,AA
N169AA,AA
N165AA,AA
N552AA,AA
N195AA,AA
N922AA,AA
N173AA,AA
N572AA,AA
N979AA,AA
N583AA,AA
N923AA,AA
N926AA,AA
N575AA,AA
N509AA,AA
N976AA,AA
N568AA,AA
N179AA,AA
N544AA,AA
N553AA,AA
N190AA,AA
N192AA,AA
N181AA,AA
N539AA,AA
N970AA,AA
N177AA,AA
N174AA,AA
N538AA,AA
N172AA,AA
N973AA,AA
N182AA,AA
N730AA,AA
N747AA,AA
N711AA,AA
N750AA,AA
N724AA,AA
N708AA,AA
N723AA,AA
N757AA,AA
N701AA,AA
N197AA,AA
N183AA,AA
N191AA,AA
N176AA,AA
N586AA,AA
N557AA,AA
N155AA,AA
N152AA,AA
N187AA,AA
N189AA,AA
N162AA,AA
N580AA,AA
N920AA,AA
N510AA,AA
N549AA,AA
N546AA,AA
N508AA,AA
N561AA,AA
N585AA,AA
N184AA,AA
N161AA,AA
N576AA,AA
N562AA,AA
N604AA,AA
N981AA,AA
N153AA,AA
N521AA,AA
N919AA,AA
N918AA,AA
N927AA,AA
N916AA,AA
N573AA,AA
N912AA,AA
N154AA,AA
N523AA,AA
N171AA,AA
N193AA,AA
N156AA,AA
N186AA,AA
N558AA,AA
N925AA,AA
N543AA,AA
N151AA,AA
N914AA,AA
N167AA,AA
N560AA,AA
N578AA,AA
N579AA,AA
N556AA,AA
N163AA,AA
N170AA,AA
N830AA,AA
N840AA,AA
N802AA,AA
N751AA,AA
N805AA,AA
N769AA,AA
N760AA,AA
N803AA,AA
N815AA,AA
N765AA,AA
N820AA,AA
N814AA,AA
N768AA,AA
N835AA,AA
N812AA,AA
N755AA,AA
N804AA,AA
N124AA,AA
N545AA,AA
N194AA,AA
N178AA,AA
N537AA,AA
N584AA,AA
N540AA,AA
N833AA,AA
N663AA,AA
N749AA,AA
N582AA,AA
N180AA,AA
N942AA,AA
N937AA,AA
N205AA,AA
N935AA,AA
N204AA,AA
N203AA,AA
N941AA,AA
N940AA,AA
N206AA,AA
N921AA,AA
N114AA,AA
N118AA,AA
N806AA,AA
N822AA,AA
N766AA,AA
N767AA,AA
N817AA,AA
N818AA,AA
N827AA,AA
N754AA,AA
N758AA,AA
N828AA,AA
N809AA,AA
N834AA,AA
N756AA,AA
N770AA,AA
N742AA,AA
N762AA,AA
N128AA,AA
N744AA,AA
N808AA,AA
N810AA,AA
N807AA,AA
N104AA,AA
N823AA,AA
N825AA,AA
N821AA,AA
N745AA,AA
N837AA,AA
N824AA,AA
N282AA,AA
N938AA,AA
N801AA,AA
N826AA,AA
N746AA,AA
N832AA,AA
N202AA,AA
N831AA,AA
N713AA,AA
N753AA,AA
N123AA,AA
N117AA,AA
N111AA,AA
N127AA,AA
N705AA,AA
N700AA,AA
N908AA,AA
N939AA,AA
N702AA,AA
N103AA,AA
N816AA,AA
N524AA,AA
N284AA,AA
N107AA,AA
N102AA,AA
N109AA,AA
N200AA,AA
N951AA,AA
N721AA,AA
N717AA,AA
N293AA,AA
N126AA,AA
N714AA,AA
N965AA,AA
N703AA,AA
N722AA,AA
N704AA,AA
N741AA,AA
N725AA,AA
N732AA,AA
N740AA,AA
N709AA,AA
N737AA,AA
N715AA,AA
N738AA,AA
N716AA,AA
N733AA,AA
N710AA,AA
N764AA,AA
N936AA,AA
N125AA,AA
N121AA,AA
N712AA,AA
N953AA,AA
N959AA,AA
N955AA,AA
N963AA,AA
N947AA,AA
N958AA,AA
N949AA,AA
N944AA,AA
N967AA,AA
N950AA,AA
N945AA,AA
N946AA,AA
N961AA,AA
N957AA,AA
N948AA,AA
N954AA,AA
N201AA,AA
N279AA,AA
N274AA,AA
N276AA,AA
N287AA,AA
N283AA,AA
N280AA,AA
N286AA,AA
N292AA,AA
N290AA,AA
N278AA,AA
N273AA,AA
N285AA,AA
N952AA,AA
N956AA,AA
N281AA,AA
N291AA,AA
N289AA,AA
N8LAAA,AA
N8LBAA,AA
N8LCAA,AA
N236AK,AS
N238AK,AS
N247AK,AS
N448AS,AS
N224AK,AS
N253AK,AS
N264AK,AS
N251AK,AS
N265AK,AS
N434AS,AS
N428AS,AS
N260AK,AS
N237AK,AS
N263AK,AS
N248AK,AS
N495AS,AS
N266AK,AS
N962JB,B6
N966JB,B6
N968JB,B6
N964JB,B6
N967JB,B6
N965JB,B6
N969JB,B6
N971JB,B6
N854DN,DL
N363NB,DL
N989DN,DL
N862DN,DL
N864DN,DL
N856DN,DL
N823DX,DL
N858DZ,DL
N330NB,DL
N331NB,DL
N865DN,DL
N310DN,DL
N305DN,DL
N303DN,DL
N543US,DL
N537US,DL
N307DX,DL
N306DN,DL
N987DN,DL
N304DN,DL
N328NB,DL
N860DN,DL
N539US,DL
N352NB,DL
N302DN,DL
N705DN,DL
N855DN,DL
N853DN,DL
N351NB,DL
N309DN,DL
N308DN,DL
N301DN,DL
N311DN,DL
N866DN,DL
N988DN,DL
N857DZ,DL
N859DN,DL
N535US,DL
N861DN,DL
N863DN,DL
N545US,DL
N701DN,DL
N819DX,DL
N708DN,DL
N829NW,DL
N702DN,DL
N820DX,DL
N709DN,DL
N860DA,DL
N706DN,DL
N703DN,DL
N857NW,DL
N186DN,DL
N867DN,DL
N354NB,DL
N856NW,DL
N860NW,DL
N827NW,DL
N312DN,DL
N172DN,DL
N861DA,DL
N839MH,DL
N662US,DL
N835MH,DL
N313DN,DL
N686BR,EV
N936EV,EV
N980EV,EV
N933EV,EV
N931EV,EV
N981EV,EV
N233FR,F9
N235FR,F9
N301FR,F9
N708FR,F9
N710FR,F9
N711FR,F9
N712FR,F9
N713FR,F9
N714FR,F9
N715FR,F9
N709FR,F9
N303FR,F9
N236FR,F9
N360HA,HA
N663NK,NK
N667NK,NK
N668NK,NK
N669NK,NK
N671NK,NK
N665NK,NK
N646NK,NK
N664NK,NK
N670NK,NK
N902NK,NK
N644NK,NK
N901NK,NK
N903NK,NK
N645NK,NK
N242SY,OO
N240SY,OO
N241SY,OO
N244SY,OO
N243SY,OO
N153SY,OO
N154SY,OO
N164SY,OO
N161SY,OO
N163SY,OO
N156SY,OO
N152SY,OO
N157SY,OO
N162SY,OO
N160SY,OO
N184SY,OO
N186SY,OO
N183SY,OO
N181SY,OO
N182SY,OO
N178SY,OO
N185SY,OO
N179SY,OO
N247SY,OO
N246SY,OO
N250SY,OO
N251SY,OO
N889UA,UA
N24736,UA
N86534,UA
N76532,UA
N14735,UA
N77535,UA
N62896,UA
N664UA,UA
N77536,UA
N890UA,UA
N663UA,UA
N777UA,UA
N62895,UA
N77537,UA
N26966,UA
N76533,UA
N62894,UA
N776UA,UA
N652UA,UA
N658UA,UA
N26967,UA
N646UA,UA
N25201,UA
N649UA,UA
N660UA,UA
N785UA,UA
N662UA,UA
N643UA,UA
N223UA,UA
N648UA,UA
N642UA,UA
N787UA,UA
N651UA,UA
N209UA,UA
N77006,UA
N78002,UA
N793UA,UA
N655UA,UA
N364VA,VX
N286VA,VX
N363VA,VX
N362VA,VX
N365VA,VX
N8696E,WN
N7878A,WN
N7873A,WN
N7824A,WN
N8691A,WN
N7840A,WN
N7820L,WN
N7876A,WN
N7845A,WN
N8688J,WN
N7881A,WN
N7848A,WN
N8684F,WN
N7849A,WN
N7877H,WN
N8692F,WN
N7839A,WN
N8502Z,WN
N8698B,WN
N8686A,WN
N7836A,WN
N8687A,WN
N8503A,WN
N8695D,WN
N8681M,WN
N8699A,WN
N8690A,WN
N8689C,WN
N8683D,WN
N8501V,WN
N8697C,WN
N7847A,WN
N8685B,WN
N7841A,WN
N7874B,WN
N8693A,WN
N7819A,WN
N8682B,WN
N7838A,WN
N8694E,WN
N7875A,WN
N7837A,WN
N7842A,WN
N7879A,WN
N8504G,WN
N8507C,WN
N7880D,WN
N605SW,WN
N7850B,WN
N8508W,WN
N8509U,WN
N7884G,WN
N3NYAA,AA
N995AA,AA
N658AA,AA
N105AA,AA
N207AA,AA
N272AA,AA
N288AA,AA
N277AA,AA
N275AA,AA
N271AA,AA
N970JB,B6
N974JB,B6
N868DN,DL
N314DN,DL
N315DN,DL
N841MH,DL
N670US,DL
N828NW,DL
N865DA,DL
N979EV,EV
N304FR,F9
N238FR,F9
N904NK,NK
N905NK,NK
N8510E,WN
N252SY,OO
N253SY,OO
N8511K,WN
N61898,UA
N7851A,WN
N8512U,WN
N8513F,WN
N7882B,WN
N8517F,WN
N165SY,OO
N166SY,OO
N167SY,OO
N168SY,OO
N254SY,OO
N659UA,UA
N66897,UA
N105UA,UA
N76021,UA
N107UA,UA
N226UA,UA
N27965,UA
N116UA,UA
N79011,UA
N859NW,DL
N174DN,DL
N821DX,DL
N858NW,DL
N74007,UA
N77012,UA
N77022,UA
N78001,UA
N199UA,UA
N37018,UA
N104UA,UA
N127UA,UA
N182UA,UA
N78003,UA
N69020,UA
N78017,UA
N78005,UA
N180UA,UA
N120UA,UA
N181UA,UA
N117UA,UA
N122UA,UA
N78009,UA
N175UA,UA
N76010,UA
N77019,UA
N861NW,DL
N822DX,DL
N867DA,DL
N854NW,DL
N667US,DL
N78008,UA
N27015,UA
N57016,UA
N77014,UA
N853NW,DL
N78004,UA
N999FR,F9
N852NW,DL
N668US,DL
PLANET,F9
N665US,DL
N270AA,AA
N33294,UA
N77295,UA
N996AA,AA
N3PBAA,AA
N3PAAA,AA
N972JB,B6
N869DN,DL
N305FR,F9
N255SY,OO
N200SY,OO
N203SY,OO
N202SY,OO
N204SY,OO
N38479,UA
N63899,UA
N77538,UA
N29968,UA
N8514F,WN
N8515X,WN
N8518R,WN
N7883A,WN
N187SW,OO
N669US,DL
N399FR,F9
N716FR,F9
N717FR,F9
N870DN,DL
N316DN,DL
N871DN,DL
N872DN,DL
N830NW,DL
N317DN,DL
N3PCAA,AA
N998AA,AA
N929AA,AA
N3PDAA,AA
N997AA,AA
N931AA,AA
N8LFAA,AA
N8AUAA,AA
N8LDAA,AA
N891UA,UA
N15969,UA
N2331U,UA
N2332U,UA
N267AK,AS
N268AK,AS
N188SY,OO
N187SY,OO
N189SY,OO
N975JB,B6
N976JB,B6
N494HA,HA
N672NK,NK
N673NK,NK
N8519R,WN
N8520Q,WN
N7885A,WN
N8523W,WN
N8522P,WN
N7852A,WN
N894UA,UA
N892UA,UA
N893UA,UA
N895UA,UA
N78540,UA
N79541,UA
N77539,UA
N896UA,UA
N77542,UA
N2639U,UA
N361HA,HA
N495HA,HA
N647NK,NK
N649NK,NK
N648NK,NK
N650NK,NK
N679NK,NK
N535NK,NK
N536NK,NK
N678NK,NK
N677NK,NK
N675NK,NK
N674NK,NK
N680NK,NK
N676NK,NK
N982JB,B6
N981JB,B6
N979JB,B6
N980JB,B6
N985JB,B6
N978JB,B6
N986JB,B6
N983JB,B6
N984JB,B6
N988JB,B6
N921VA,VX
N922VA,VX
N923VA,VX
N7860A,WN
N8534Z,WN
N8712L,WN
N8530W,WN
N8541W,WN
N7861J,WN
N8529Z,WN
N8527Q,WN
N7859B,WN
N7857B,WN
N8537Z,WN
N8708Q,WN
N8546V,WN
N8526W,WN
N8544Z,WN
N8542Z,WN
N8711Q,WN
N8709Q,WN
N8540V,WN
N8710M,WN
N8543Z,WN
N8547V,WN
N7855A,WN
N8532S,WN
N8536Z,WN
N7854B,WN
N8714Q,WN
N8707P,WN
N8538V,WN
N8535S,WN
N8539V,WN
N8533S,WN
N8524Z,WN
N7858A,WN
N8545V,WN
N7856A,WN
N8713M,WN
N8706W,WN
N8531Q,WN
N7853B,WN
N8548P,WN
N8525S,WN
N8705Q,WN
N8528Q,WN
N8716B,WN
N8549Z,WN
N8551Q,WN
N8715Q,WN
N8550Q,WN
N7862A,WN
N8552Z,WN
N194SY,OO
N192SY,OO
N191SY,OO
N259SY,OO
N260SY,OO
N257SY,OO
N258SY,OO
N256SY,OO
N209SY,OO
N211SY,OO
N207SY,OO
N208SY,OO
N205SY,OO
N206SY,OO
N213SY,OO
N193SY,OO
N261SY,OO
N275AK,AS
N278AK,AS
N270AK,AS
N274AK,AS
N273AK,AS
N272AK,AS
N280AK,AS
N277AK,AS
N281AK,AS
N307FR,F9
N308FR,F9
N309FR,F9
N310FR,F9
N311FR,F9
N313FR,F9
N316FR,F9
N718FR,F9
N719FR,F9
N720FR,F9
N312FR,F9
N317FR,F9
N3PPAA,AA
N3PRAA,AA
N3PTAA,AA
N3PHAA,AA
N905AA,AA
N934AA,AA
N3PMAA,AA
N3PSAA,AA
N3PFAA,AA
N3PNAA,AA
N901AA,AA
N930AA,AA
N903AA,AA
N907AA,AA
N928AA,AA
N900AA,AA
N909AA,AA
N3PJAA,AA
N3PLAA,AA
N933AA,AA
N3PGAA,AA
N906AA,AA
N910AA,AA
N932AA,AA
N3PUAA,AA
N904AA,AA
N8AWAA,AA
N3PKAA,AA
N3PEAA,AA
N902AA,AA
N8LNAA,AA
N3RAAA,AA
N3RBAA,AA
N8LJAA,AA
N8LLAA,AA
N8LHAA,AA
N8LKAA,AA
N8LEAA,AA
N8LGAA,AA
N8LMAA,AA
N8AVAA,AA
N301DV,DL
N320DN,DL
N327DN,DL
N879DN,DL
N326DN,DL
N323DN,DL
N885DN,DL
N377DE,DL
N774DE,DL
N876DN,DL
N882DN,DL
N658DL,DL
N318DX,DL
N325DN,DL
N874DN,DL
N878DN,DL
N877DN,DL
N321DH,DL
N884DN,DL
N776DE,DL
N880DN,DL
N881DN,DL
N775DE,DL
N322DN,DL
N883DN,DL
N319DN,DL
N324DX,DL
N875DN,DL
N873DN,DL
N328DN,DL
N831NW,DL
N886DN,DL
N3PWAA,AA
N3PVAA,AA
N3PXAA,AA
N8LPAA,AA
N987JB,B6
N989JB,B6
N990JB,B6
N721FR,F9
N323FR,F9
N324FR,F9
N318FR,F9
N322FR,F9
N2243U,UA
N7863A,WN
N8553W,WN
N8554X,WN
N8555Z,WN
N8704Q,WN
N8556Z,WN
N925VA,VX
N651NK,NK
N681NK,NK
N652NK,NK
N682NK,NK
N282AK,AS
N283AK,AS
N887DN,DL
N329DN,DL
N330DX,DL
N331DN,DL
N202HA,HA
N195SY,OO
N376AA,AA
N2333U,UA
N101NK,NK
N2135U,UA
N59034,UA
N2140U,UA
N2737U,UA
N2136U,UA
N878DA,DL
N2341U,UA
N2142U,UA
N2138U,UA
N666US,DL
N26970,UA
N2644U,UA
N528JB,B6
N700TA,EV
N2534U,UA
